hospital_id,month,stratification,group,metric,numerator,denominator,percentage
001,Feb 2026,Race/Ethnicity (Detailed),Asian,Patient Education,3,3,100.
001,Jan 2026,Race/Ethnicity (Detailed),Asian,Patient Education,3,3,100.
001,Mar 2026,Race/Ethnicity (Detailed),Asian,Patient Education,0,1,0.
001,Feb 2026,Race/Ethnicity (Detailed),Black/African American,Patient Education,0,0,
001,Jan 2026,Race/Ethnicity (Detailed),Black/African American,Patient Education,0,0,
001,Mar 2026,Race/Ethnicity (Detailed),Black/African American,Patient Education,0,0,
001,Feb 2026,Race/Ethnicity (Detailed),Hispanic/Latino,Patient Education,2,2,100.
001,Jan 2026,Race/Ethnicity (Detailed),Hispanic/Latino,Patient Education,1,1,100.
001,Mar 2026,Race/Ethnicity (Detailed),Hispanic/Latino,Patient Education,1,3,33.33
001,Feb 2026,Primary Language,Other,Patient Education,0,0,
001,Feb 2026,Race/Ethnicity (Detailed),Other,Patient Education,1,1,100.
001,Jan 2026,Race/Ethnicity (Detailed),Other,Patient Education,0,0,
001,Jan 2026,Primary Language,Other,Patient Education,0,0,
001,Mar 2026,Primary Language,Other,Patient Education,0,1,0.
001,Mar 2026,Race/Ethnicity (Detailed),Other,Patient Education,0,0,
001,Feb 2026,Insurance,Private,Patient Education,8,8,100.
001,Jan 2026,Insurance,Private,Patient Education,7,7,100.
001,Mar 2026,Insurance,Private,Patient Education,2,9,22.22
001,Feb 2026,Insurance,Public,Patient Education,2,2,100.
001,Jan 2026,Insurance,Public,Patient Education,2,2,100.
001,Mar 2026,Insurance,Public,Patient Education,1,1,100.
001,Feb 2026,Race/Ethnicity (Detailed),Race Not Documented,Patient Education,0,0,
001,Jan 2026,Race/Ethnicity (Detailed),Race Not Documented,Patient Education,2,2,100.
001,Mar 2026,Race/Ethnicity (Detailed),Race Not Documented,Patient Education,0,0,
001,Feb 2026,Race/Ethnicity (Detailed),White,Patient Education,4,4,100.
001,Feb 2026,Race/Ethnicity,White,Patient Education,6,6,100.
001,Jan 2026,Race/Ethnicity,White,Patient Education,4,4,100.
001,Jan 2026,Race/Ethnicity (Detailed),White,Patient Education,4,4,100.
001,Mar 2026,Race/Ethnicity (Detailed),White,Patient Education,2,6,33.33
001,Mar 2026,Race/Ethnicity,White,Patient Education,2,6,33.33
002,Feb 2026,Race/Ethnicity (Detailed),Asian,Patient Education,0,0,
002,Jan 2026,Race/Ethnicity (Detailed),Asian,Patient Education,0,0,
002,Mar 2026,Race/Ethnicity (Detailed),Asian,Patient Education,0,0,
002,Feb 2026,Race/Ethnicity (Detailed),Black/African American,Patient Education,6,7,85.71
002,Jan 2026,Race/Ethnicity (Detailed),Black/African American,Patient Education,6,6,100.
002,Mar 2026,Race/Ethnicity (Detailed),Black/African American,Patient Education,5,5,100.
002,Feb 2026,Race/Ethnicity (Detailed),Hispanic/Latino,Patient Education,0,0,
002,Jan 2026,Race/Ethnicity (Detailed),Hispanic/Latino,Patient Education,0,0,
002,Mar 2026,Race/Ethnicity (Detailed),Hispanic/Latino,Patient Education,3,3,100.
002,Feb 2026,Race/Ethnicity (Detailed),Other,Patient Education,1,2,50.
002,Feb 2026,Primary Language,Other,Patient Education,0,0,
002,Jan 2026,Primary Language,Other,Patient Education,0,0,
002,Jan 2026,Race/Ethnicity (Detailed),Other,Patient Education,3,3,100.
002,Mar 2026,Race/Ethnicity (Detailed),Other,Patient Education,1,2,50.
002,Mar 2026,Primary Language,Other,Patient Education,0,0,
002,Feb 2026,Insurance,Private,Patient Education,3,4,75.
002,Jan 2026,Insurance,Private,Patient Education,4,4,100.
002,Mar 2026,Insurance,Private,Patient Education,5,6,83.33
002,Feb 2026,Insurance,Public,Patient Education,5,6,83.33
002,Jan 2026,Insurance,Public,Patient Education,6,6,100.
002,Mar 2026,Insurance,Public,Patient Education,4,4,100.
002,Feb 2026,Race/Ethnicity (Detailed),Race Not Documented,Patient Education,0,0,
002,Jan 2026,Race/Ethnicity (Detailed),Race Not Documented,Patient Education,0,0,
002,Mar 2026,Race/Ethnicity (Detailed),Race Not Documented,Patient Education,0,0,
002,Feb 2026,Race/Ethnicity,White,Patient Education,1,1,100.
002,Feb 2026,Race/Ethnicity (Detailed),White,Patient Education,1,1,100.
002,Jan 2026,Race/Ethnicity (Detailed),White,Patient Education,1,1,100.
002,Jan 2026,Race/Ethnicity,White,Patient Education,1,1,100.
002,Mar 2026,Race/Ethnicity,White,Patient Education,2,2,100.
002,Mar 2026,Race/Ethnicity (Detailed),White,Patient Education,1,1,100.
003,Feb 2026,Race/Ethnicity (Detailed),Asian,Patient Education,0,1,0.
003,Jan 2026,Race/Ethnicity (Detailed),Asian,Patient Education,0,1,0.
003,Mar 2026,Race/Ethnicity (Detailed),Asian,Patient Education,1,1,100.
003,Feb 2026,Race/Ethnicity (Detailed),Black/African American,Patient Education,0,1,0.
003,Jan 2026,Race/Ethnicity (Detailed),Black/African American,Patient Education,0,1,0.
003,Mar 2026,Race/Ethnicity (Detailed),Black/African American,Patient Education,0,0,
003,Feb 2026,Race/Ethnicity (Detailed),Hispanic/Latino,Patient Education,0,1,0.
003,Jan 2026,Race/Ethnicity (Detailed),Hispanic/Latino,Patient Education,0,3,0.
003,Mar 2026,Race/Ethnicity (Detailed),Hispanic/Latino,Patient Education,0,0,
003,Feb 2026,Race/Ethnicity (Detailed),Other,Patient Education,0,0,
003,Feb 2026,Primary Language,Other,Patient Education,0,1,0.
003,Jan 2026,Primary Language,Other,Patient Education,0,0,
003,Jan 2026,Race/Ethnicity (Detailed),Other,Patient Education,0,0,
003,Mar 2026,Race/Ethnicity (Detailed),Other,Patient Education,1,1,100.
003,Mar 2026,Primary Language,Other,Patient Education,0,0,
003,Feb 2026,Insurance,Private,Patient Education,0,7,0.
003,Jan 2026,Insurance,Private,Patient Education,0,9,0.
003,Mar 2026,Insurance,Private,Patient Education,9,9,100.
003,Feb 2026,Insurance,Public,Patient Education,0,3,0.
003,Jan 2026,Insurance,Public,Patient Education,0,1,0.
003,Mar 2026,Insurance,Public,Patient Education,1,1,100.
003,Feb 2026,Race/Ethnicity (Detailed),Race Not Documented,Patient Education,0,0,
003,Jan 2026,Race/Ethnicity (Detailed),Race Not Documented,Patient Education,0,0,
003,Mar 2026,Race/Ethnicity (Detailed),Race Not Documented,Patient Education,0,0,
003,Feb 2026,Race/Ethnicity,White,Patient Education,0,7,0.
003,Feb 2026,Race/Ethnicity (Detailed),White,Patient Education,0,7,0.
003,Jan 2026,Race/Ethnicity (Detailed),White,Patient Education,0,5,0.
003,Jan 2026,Race/Ethnicity,White,Patient Education,0,5,0.
003,Mar 2026,Race/Ethnicity,White,Patient Education,8,8,100.
003,Mar 2026,Race/Ethnicity (Detailed),White,Patient Education,8,8,100.
004,Feb 2026,Race/Ethnicity (Detailed),Asian,Patient Education,1,1,100.
004,Jan 2026,Race/Ethnicity (Detailed),Asian,Patient Education,0,0,
004,Mar 2026,Race/Ethnicity (Detailed),Asian,Patient Education,1,1,100.
004,Feb 2026,Race/Ethnicity (Detailed),Black/African American,Patient Education,0,0,
004,Jan 2026,Race/Ethnicity (Detailed),Black/African American,Patient Education,1,1,100.
004,Mar 2026,Race/Ethnicity (Detailed),Black/African American,Patient Education,2,2,100.
004,Feb 2026,Race/Ethnicity (Detailed),Hispanic/Latino,Patient Education,6,6,100.
004,Jan 2026,Race/Ethnicity (Detailed),Hispanic/Latino,Patient Education,5,6,83.33
004,Mar 2026,Race/Ethnicity (Detailed),Hispanic/Latino,Patient Education,2,2,100.
004,Feb 2026,Primary Language,Other,Patient Education,2,2,100.
004,Feb 2026,Race/Ethnicity (Detailed),Other,Patient Education,1,1,100.
004,Jan 2026,Race/Ethnicity (Detailed),Other,Patient Education,0,0,
004,Jan 2026,Primary Language,Other,Patient Education,2,3,66.67
004,Mar 2026,Primary Language,Other,Patient Education,1,1,100.
004,Mar 2026,Race/Ethnicity (Detailed),Other,Patient Education,1,1,100.
004,Feb 2026,Insurance,Private,Patient Education,3,3,100.
004,Jan 2026,Insurance,Private,Patient Education,2,2,100.
004,Mar 2026,Insurance,Private,Patient Education,6,6,100.
004,Feb 2026,Insurance,Public,Patient Education,7,7,100.
004,Jan 2026,Insurance,Public,Patient Education,7,8,87.5
004,Mar 2026,Insurance,Public,Patient Education,4,4,100.
004,Feb 2026,Race/Ethnicity (Detailed),Race Not Documented,Patient Education,0,0,
004,Jan 2026,Race/Ethnicity (Detailed),Race Not Documented,Patient Education,0,0,
004,Mar 2026,Race/Ethnicity (Detailed),Race Not Documented,Patient Education,0,0,
004,Feb 2026,Race/Ethnicity (Detailed),White,Patient Education,2,2,100.
004,Feb 2026,Race/Ethnicity,White,Patient Education,2,2,100.
004,Jan 2026,Race/Ethnicity,White,Patient Education,3,3,100.
004,Jan 2026,Race/Ethnicity (Detailed),White,Patient Education,3,3,100.
004,Mar 2026,Race/Ethnicity (Detailed),White,Patient Education,5,5,100.
004,Mar 2026,Race/Ethnicity,White,Patient Education,5,5,100.
005,Feb 2026,Race/Ethnicity (Detailed),Asian,Patient Education,1,1,100.
005,Jan 2026,Race/Ethnicity (Detailed),Asian,Patient Education,1,1,100.
005,Mar 2026,Race/Ethnicity (Detailed),Asian,Patient Education,1,1,100.
005,Feb 2026,Race/Ethnicity (Detailed),Black/African American,Patient Education,1,1,100.
005,Jan 2026,Race/Ethnicity (Detailed),Black/African American,Patient Education,1,1,100.
005,Mar 2026,Race/Ethnicity (Detailed),Black/African American,Patient Education,1,1,100.
005,Feb 2026,Race/Ethnicity (Detailed),Hispanic/Latino,Patient Education,1,1,100.
005,Jan 2026,Race/Ethnicity (Detailed),Hispanic/Latino,Patient Education,1,1,100.
005,Mar 2026,Race/Ethnicity (Detailed),Hispanic/Latino,Patient Education,1,1,100.
005,Feb 2026,Primary Language,Other,Patient Education,1,1,100.
005,Feb 2026,Race/Ethnicity (Detailed),Other,Patient Education,1,1,100.
005,Jan 2026,Race/Ethnicity (Detailed),Other,Patient Education,1,1,100.
005,Jan 2026,Primary Language,Other,Patient Education,1,1,100.
005,Mar 2026,Primary Language,Other,Patient Education,1,1,100.
005,Mar 2026,Race/Ethnicity (Detailed),Other,Patient Education,1,1,100.
005,Feb 2026,Insurance,Private,Patient Education,1,1,100.
005,Jan 2026,Insurance,Private,Patient Education,1,1,100.
005,Mar 2026,Insurance,Private,Patient Education,1,1,100.
005,Feb 2026,Insurance,Public,Patient Education,1,1,100.
005,Jan 2026,Insurance,Public,Patient Education,1,1,100.
005,Mar 2026,Insurance,Public,Patient Education,1,1,100.
005,Feb 2026,Race/Ethnicity (Detailed),Race Not Documented,Patient Education,0,0,
005,Jan 2026,Race/Ethnicity (Detailed),Race Not Documented,Patient Education,0,0,
005,Mar 2026,Race/Ethnicity (Detailed),Race Not Documented,Patient Education,0,0,
005,Feb 2026,Race/Ethnicity (Detailed),White,Patient Education,0,0,
005,Feb 2026,Race/Ethnicity,White,Patient Education,1,1,100.
005,Jan 2026,Race/Ethnicity,White,Patient Education,1,1,100.
005,Jan 2026,Race/Ethnicity (Detailed),White,Patient Education,0,0,
005,Mar 2026,Race/Ethnicity (Detailed),White,Patient Education,0,0,
005,Mar 2026,Race/Ethnicity,White,Patient Education,1,1,100.
006,Feb 2026,Race/Ethnicity (Detailed),Asian,Patient Education,0,0,
006,Jan 2026,Race/Ethnicity (Detailed),Asian,Patient Education,0,0,
006,Mar 2026,Race/Ethnicity (Detailed),Asian,Patient Education,0,0,
006,Feb 2026,Race/Ethnicity (Detailed),Black/African American,Patient Education,0,0,
006,Jan 2026,Race/Ethnicity (Detailed),Black/African American,Patient Education,0,3,0.
006,Mar 2026,Race/Ethnicity (Detailed),Black/African American,Patient Education,0,0,
006,Feb 2026,Race/Ethnicity (Detailed),Hispanic/Latino,Patient Education,0,0,
006,Jan 2026,Race/Ethnicity (Detailed),Hispanic/Latino,Patient Education,0,0,
006,Mar 2026,Race/Ethnicity (Detailed),Hispanic/Latino,Patient Education,0,0,
006,Feb 2026,Race/Ethnicity (Detailed),Other,Patient Education,0,1,0.
006,Feb 2026,Primary Language,Other,Patient Education,0,1,0.
006,Jan 2026,Race/Ethnicity (Detailed),Other,Patient Education,0,0,
006,Jan 2026,Primary Language,Other,Patient Education,0,0,
006,Mar 2026,Race/Ethnicity (Detailed),Other,Patient Education,0,0,
006,Mar 2026,Primary Language,Other,Patient Education,0,0,
006,Feb 2026,Insurance,Private,Patient Education,0,5,0.
006,Jan 2026,Insurance,Private,Patient Education,0,2,0.
006,Mar 2026,Insurance,Private,Patient Education,0,0,
006,Feb 2026,Insurance,Public,Patient Education,0,5,0.
006,Jan 2026,Insurance,Public,Patient Education,0,8,0.
006,Mar 2026,Insurance,Public,Patient Education,0,0,
006,Feb 2026,Race/Ethnicity (Detailed),Race Not Documented,Patient Education,0,0,
006,Jan 2026,Race/Ethnicity (Detailed),Race Not Documented,Patient Education,0,0,
006,Mar 2026,Race/Ethnicity (Detailed),Race Not Documented,Patient Education,0,0,
006,Feb 2026,Race/Ethnicity (Detailed),White,Patient Education,0,9,0.
006,Feb 2026,Race/Ethnicity,White,Patient Education,0,9,0.
006,Jan 2026,Race/Ethnicity (Detailed),White,Patient Education,0,7,0.
006,Jan 2026,Race/Ethnicity,White,Patient Education,0,7,0.
006,Mar 2026,Race/Ethnicity (Detailed),White,Patient Education,0,0,
006,Mar 2026,Race/Ethnicity,White,Patient Education,0,0,
007,Feb 2026,Race/Ethnicity (Detailed),Asian,Patient Education,1,1,100.
007,Jan 2026,Race/Ethnicity (Detailed),Asian,Patient Education,0,0,
007,Mar 2026,Race/Ethnicity (Detailed),Asian,Patient Education,0,1,0.
007,Feb 2026,Race/Ethnicity (Detailed),Black/African American,Patient Education,2,3,66.67
007,Jan 2026,Race/Ethnicity (Detailed),Black/African American,Patient Education,2,2,100.
007,Mar 2026,Race/Ethnicity (Detailed),Black/African American,Patient Education,0,0,
007,Feb 2026,Race/Ethnicity (Detailed),Hispanic/Latino,Patient Education,1,2,50.
007,Jan 2026,Race/Ethnicity (Detailed),Hispanic/Latino,Patient Education,0,1,0.
007,Mar 2026,Race/Ethnicity (Detailed),Hispanic/Latino,Patient Education,0,1,0.
007,Feb 2026,Race/Ethnicity (Detailed),Other,Patient Education,0,1,0.
007,Feb 2026,Primary Language,Other,Patient Education,0,0,
007,Jan 2026,Primary Language,Other,Patient Education,0,0,
007,Jan 2026,Race/Ethnicity (Detailed),Other,Patient Education,0,1,0.
007,Mar 2026,Race/Ethnicity (Detailed),Other,Patient Education,0,1,0.
007,Mar 2026,Primary Language,Other,Patient Education,0,0,
007,Feb 2026,Insurance,Private,Patient Education,1,6,16.67
007,Jan 2026,Insurance,Private,Patient Education,1,8,12.5
007,Mar 2026,Insurance,Private,Patient Education,2,9,22.22
007,Feb 2026,Insurance,Public,Patient Education,3,4,75.
007,Jan 2026,Insurance,Public,Patient Education,1,2,50.
007,Mar 2026,Insurance,Public,Patient Education,1,1,100.
007,Feb 2026,Race/Ethnicity (Detailed),Race Not Documented,Patient Education,0,0,
007,Jan 2026,Race/Ethnicity (Detailed),Race Not Documented,Patient Education,0,0,
007,Mar 2026,Race/Ethnicity (Detailed),Race Not Documented,Patient Education,0,0,
007,Feb 2026,Race/Ethnicity,White,Patient Education,0,3,0.
007,Feb 2026,Race/Ethnicity (Detailed),White,Patient Education,0,3,0.
007,Jan 2026,Race/Ethnicity (Detailed),White,Patient Education,0,6,0.
007,Jan 2026,Race/Ethnicity,White,Patient Education,0,6,0.
007,Mar 2026,Race/Ethnicity,White,Patient Education,3,7,42.86
007,Mar 2026,Race/Ethnicity (Detailed),White,Patient Education,3,7,42.86
010,Feb 2026,Race/Ethnicity (Detailed),Asian,Patient Education,0,0,
010,Jan 2026,Race/Ethnicity (Detailed),Asian,Patient Education,0,0,
010,Mar 2026,Race/Ethnicity (Detailed),Asian,Patient Education,0,0,
010,Feb 2026,Race/Ethnicity (Detailed),Black/African American,Patient Education,4,4,100.
010,Jan 2026,Race/Ethnicity (Detailed),Black/African American,Patient Education,2,2,100.
010,Mar 2026,Race/Ethnicity (Detailed),Black/African American,Patient Education,5,5,100.
010,Feb 2026,Race/Ethnicity (Detailed),Hispanic/Latino,Patient Education,2,2,100.
010,Jan 2026,Race/Ethnicity (Detailed),Hispanic/Latino,Patient Education,5,5,100.
010,Mar 2026,Race/Ethnicity (Detailed),Hispanic/Latino,Patient Education,1,1,100.
010,Feb 2026,Race/Ethnicity (Detailed),Other,Patient Education,0,0,
010,Feb 2026,Primary Language,Other,Patient Education,0,0,
010,Jan 2026,Race/Ethnicity (Detailed),Other,Patient Education,0,0,
010,Jan 2026,Primary Language,Other,Patient Education,0,0,
010,Mar 2026,Race/Ethnicity (Detailed),Other,Patient Education,0,0,
010,Mar 2026,Primary Language,Other,Patient Education,0,0,
010,Feb 2026,Insurance,Private,Patient Education,3,3,100.
010,Jan 2026,Insurance,Private,Patient Education,3,3,100.
010,Mar 2026,Insurance,Private,Patient Education,3,3,100.
010,Feb 2026,Insurance,Public,Patient Education,7,7,100.
010,Jan 2026,Insurance,Public,Patient Education,7,7,100.
010,Mar 2026,Insurance,Public,Patient Education,7,7,100.
010,Feb 2026,Race/Ethnicity (Detailed),Race Not Documented,Patient Education,0,0,
010,Jan 2026,Race/Ethnicity (Detailed),Race Not Documented,Patient Education,0,0,
010,Mar 2026,Race/Ethnicity (Detailed),Race Not Documented,Patient Education,0,0,
010,Feb 2026,Race/Ethnicity (Detailed),White,Patient Education,4,4,100.
010,Feb 2026,Race/Ethnicity,White,Patient Education,6,6,100.
010,Jan 2026,Race/Ethnicity (Detailed),White,Patient Education,3,3,100.
010,Jan 2026,Race/Ethnicity,White,Patient Education,4,4,100.
010,Mar 2026,Race/Ethnicity (Detailed),White,Patient Education,4,4,100.
010,Mar 2026,Race/Ethnicity,White,Patient Education,4,4,100.
011,Feb 2026,Race/Ethnicity (Detailed),Asian,Patient Education,0,0,
011,Jan 2026,Race/Ethnicity (Detailed),Asian,Patient Education,0,0,
011,Mar 2026,Race/Ethnicity (Detailed),Asian,Patient Education,1,1,100.
011,Feb 2026,Race/Ethnicity (Detailed),Black/African American,Patient Education,0,2,0.
011,Jan 2026,Race/Ethnicity (Detailed),Black/African American,Patient Education,0,3,0.
011,Mar 2026,Race/Ethnicity (Detailed),Black/African American,Patient Education,0,2,0.
011,Feb 2026,Race/Ethnicity (Detailed),Hispanic/Latino,Patient Education,0,0,
011,Jan 2026,Race/Ethnicity (Detailed),Hispanic/Latino,Patient Education,0,0,
011,Mar 2026,Race/Ethnicity (Detailed),Hispanic/Latino,Patient Education,0,1,0.
011,Feb 2026,Primary Language,Other,Patient Education,0,0,
011,Feb 2026,Race/Ethnicity (Detailed),Other,Patient Education,1,1,100.
011,Jan 2026,Race/Ethnicity (Detailed),Other,Patient Education,0,1,0.
011,Jan 2026,Primary Language,Other,Patient Education,0,0,
011,Mar 2026,Primary Language,Other,Patient Education,0,1,0.
011,Mar 2026,Race/Ethnicity (Detailed),Other,Patient Education,0,0,
011,Feb 2026,Insurance,Private,Patient Education,4,8,50.
011,Jan 2026,Insurance,Private,Patient Education,0,6,0.
011,Mar 2026,Insurance,Private,Patient Education,6,8,75.
011,Feb 2026,Insurance,Public,Patient Education,1,2,50.
011,Jan 2026,Insurance,Public,Patient Education,0,4,0.
011,Mar 2026,Insurance,Public,Patient Education,0,2,0.
011,Feb 2026,Race/Ethnicity (Detailed),Race Not Documented,Patient Education,0,0,
011,Jan 2026,Race/Ethnicity (Detailed),Race Not Documented,Patient Education,0,0,
011,Mar 2026,Race/Ethnicity (Detailed),Race Not Documented,Patient Education,0,0,
011,Feb 2026,Race/Ethnicity (Detailed),White,Patient Education,4,7,57.14
011,Feb 2026,Race/Ethnicity,White,Patient Education,4,7,57.14
011,Jan 2026,Race/Ethnicity,White,Patient Education,0,6,0.
011,Jan 2026,Race/Ethnicity (Detailed),White,Patient Education,0,6,0.
011,Mar 2026,Race/Ethnicity (Detailed),White,Patient Education,5,6,83.33
011,Mar 2026,Race/Ethnicity,White,Patient Education,5,6,83.33
012,Feb 2026,Race/Ethnicity (Detailed),Asian,Patient Education,0,0,
012,Jan 2026,Race/Ethnicity (Detailed),Asian,Patient Education,0,0,
012,Mar 2026,Race/Ethnicity (Detailed),Asian,Patient Education,0,0,
012,Feb 2026,Race/Ethnicity (Detailed),Black/African American,Patient Education,0,0,
012,Jan 2026,Race/Ethnicity (Detailed),Black/African American,Patient Education,0,0,
012,Mar 2026,Race/Ethnicity (Detailed),Black/African American,Patient Education,0,0,
012,Feb 2026,Race/Ethnicity (Detailed),Hispanic/Latino,Patient Education,0,0,
012,Jan 2026,Race/Ethnicity (Detailed),Hispanic/Latino,Patient Education,0,0,
012,Mar 2026,Race/Ethnicity (Detailed),Hispanic/Latino,Patient Education,0,0,
012,Feb 2026,Race/Ethnicity (Detailed),Other,Patient Education,0,0,
012,Feb 2026,Primary Language,Other,Patient Education,0,0,
012,Jan 2026,Primary Language,Other,Patient Education,0,0,
012,Jan 2026,Race/Ethnicity (Detailed),Other,Patient Education,0,0,
012,Mar 2026,Race/Ethnicity (Detailed),Other,Patient Education,0,0,
012,Mar 2026,Primary Language,Other,Patient Education,0,0,
012,Feb 2026,Insurance,Private,Patient Education,0,0,
012,Jan 2026,Insurance,Private,Patient Education,0,0,
012,Mar 2026,Insurance,Private,Patient Education,0,0,
012,Feb 2026,Insurance,Public,Patient Education,0,0,
012,Jan 2026,Insurance,Public,Patient Education,0,0,
012,Mar 2026,Insurance,Public,Patient Education,0,0,
012,Feb 2026,Race/Ethnicity (Detailed),Race Not Documented,Patient Education,0,0,
012,Jan 2026,Race/Ethnicity (Detailed),Race Not Documented,Patient Education,0,0,
012,Mar 2026,Race/Ethnicity (Detailed),Race Not Documented,Patient Education,0,0,
012,Feb 2026,Race/Ethnicity,White,Patient Education,0,0,
012,Feb 2026,Race/Ethnicity (Detailed),White,Patient Education,0,0,
012,Jan 2026,Race/Ethnicity (Detailed),White,Patient Education,0,0,
012,Jan 2026,Race/Ethnicity,White,Patient Education,0,0,
012,Mar 2026,Race/Ethnicity (Detailed),White,Patient Education,0,0,
012,Mar 2026,Race/Ethnicity,White,Patient Education,0,0,
013,Feb 2026,Race/Ethnicity (Detailed),Asian,Patient Education,0,1,0.
013,Jan 2026,Race/Ethnicity (Detailed),Asian,Patient Education,0,1,0.
013,Mar 2026,Race/Ethnicity (Detailed),Asian,Patient Education,0,0,
013,Feb 2026,Race/Ethnicity (Detailed),Black/African American,Patient Education,0,3,0.
013,Jan 2026,Race/Ethnicity (Detailed),Black/African American,Patient Education,0,2,0.
013,Mar 2026,Race/Ethnicity (Detailed),Black/African American,Patient Education,0,2,0.
013,Feb 2026,Race/Ethnicity (Detailed),Hispanic/Latino,Patient Education,0,5,0.
013,Jan 2026,Race/Ethnicity (Detailed),Hispanic/Latino,Patient Education,0,3,0.
013,Mar 2026,Race/Ethnicity (Detailed),Hispanic/Latino,Patient Education,0,5,0.
013,Feb 2026,Race/Ethnicity (Detailed),Other,Patient Education,0,0,
013,Feb 2026,Primary Language,Other,Patient Education,0,2,0.
013,Jan 2026,Primary Language,Other,Patient Education,0,0,
013,Jan 2026,Race/Ethnicity (Detailed),Other,Patient Education,0,1,0.
013,Mar 2026,Race/Ethnicity (Detailed),Other,Patient Education,0,0,
013,Mar 2026,Primary Language,Other,Patient Education,0,2,0.
013,Feb 2026,Insurance,Private,Patient Education,0,7,0.
013,Jan 2026,Insurance,Private,Patient Education,0,5,0.
013,Mar 2026,Insurance,Private,Patient Education,0,8,0.
013,Feb 2026,Insurance,Public,Patient Education,0,3,0.
013,Jan 2026,Insurance,Public,Patient Education,0,5,0.
013,Mar 2026,Insurance,Public,Patient Education,0,1,0.
013,Feb 2026,Race/Ethnicity (Detailed),Race Not Documented,Patient Education,0,0,
013,Jan 2026,Race/Ethnicity (Detailed),Race Not Documented,Patient Education,0,0,
013,Mar 2026,Race/Ethnicity (Detailed),Race Not Documented,Patient Education,0,0,
013,Feb 2026,Race/Ethnicity,White,Patient Education,0,5,0.
013,Feb 2026,Race/Ethnicity (Detailed),White,Patient Education,0,1,0.
013,Jan 2026,Race/Ethnicity (Detailed),White,Patient Education,0,3,0.
013,Jan 2026,Race/Ethnicity,White,Patient Education,0,4,0.
013,Mar 2026,Race/Ethnicity,White,Patient Education,0,3,0.
013,Mar 2026,Race/Ethnicity (Detailed),White,Patient Education,0,3,0.
015,Feb 2026,Race/Ethnicity (Detailed),Asian,Patient Education,3,4,75.
015,Jan 2026,Race/Ethnicity (Detailed),Asian,Patient Education,1,2,50.
015,Mar 2026,Race/Ethnicity (Detailed),Asian,Patient Education,0,1,0.
015,Feb 2026,Race/Ethnicity (Detailed),Black/African American,Patient Education,0,1,0.
015,Jan 2026,Race/Ethnicity (Detailed),Black/African American,Patient Education,0,0,
015,Mar 2026,Race/Ethnicity (Detailed),Black/African American,Patient Education,0,0,
015,Feb 2026,Race/Ethnicity (Detailed),Hispanic/Latino,Patient Education,2,3,66.67
015,Jan 2026,Race/Ethnicity (Detailed),Hispanic/Latino,Patient Education,1,4,25.
015,Mar 2026,Race/Ethnicity (Detailed),Hispanic/Latino,Patient Education,0,3,0.
015,Feb 2026,Primary Language,Other,Patient Education,0,1,0.
015,Feb 2026,Race/Ethnicity (Detailed),Other,Patient Education,2,2,100.
015,Jan 2026,Race/Ethnicity (Detailed),Other,Patient Education,0,2,0.
015,Jan 2026,Primary Language,Other,Patient Education,1,4,25.
015,Mar 2026,Primary Language,Other,Patient Education,0,1,0.
015,Mar 2026,Race/Ethnicity (Detailed),Other,Patient Education,0,0,
015,Feb 2026,Insurance,Private,Patient Education,3,6,50.
015,Jan 2026,Insurance,Private,Patient Education,1,2,50.
015,Mar 2026,Insurance,Private,Patient Education,1,6,16.67
015,Feb 2026,Insurance,Public,Patient Education,2,4,50.
015,Jan 2026,Insurance,Public,Patient Education,4,8,50.
015,Mar 2026,Insurance,Public,Patient Education,0,4,0.
015,Feb 2026,Race/Ethnicity (Detailed),Race Not Documented,Patient Education,0,0,
015,Jan 2026,Race/Ethnicity (Detailed),Race Not Documented,Patient Education,0,0,
015,Mar 2026,Race/Ethnicity (Detailed),Race Not Documented,Patient Education,0,0,
015,Feb 2026,Race/Ethnicity (Detailed),White,Patient Education,0,2,0.
015,Feb 2026,Race/Ethnicity,White,Patient Education,1,4,25.
015,Jan 2026,Race/Ethnicity,White,Patient Education,4,7,57.14
015,Jan 2026,Race/Ethnicity (Detailed),White,Patient Education,3,3,100.
015,Mar 2026,Race/Ethnicity (Detailed),White,Patient Education,1,6,16.67
015,Mar 2026,Race/Ethnicity,White,Patient Education,1,8,12.5
016,Feb 2026,Race/Ethnicity (Detailed),Asian,Patient Education,1,1,100.
016,Jan 2026,Race/Ethnicity (Detailed),Asian,Patient Education,2,2,100.
016,Mar 2026,Race/Ethnicity (Detailed),Asian,Patient Education,0,0,
016,Feb 2026,Race/Ethnicity (Detailed),Black/African American,Patient Education,0,0,
016,Jan 2026,Race/Ethnicity (Detailed),Black/African American,Patient Education,1,1,100.
016,Mar 2026,Race/Ethnicity (Detailed),Black/African American,Patient Education,0,0,
016,Feb 2026,Race/Ethnicity (Detailed),Hispanic/Latino,Patient Education,1,1,100.
016,Jan 2026,Race/Ethnicity (Detailed),Hispanic/Latino,Patient Education,2,2,100.
016,Mar 2026,Race/Ethnicity (Detailed),Hispanic/Latino,Patient Education,0,0,
016,Feb 2026,Primary Language,Other,Patient Education,0,0,
016,Feb 2026,Race/Ethnicity (Detailed),Other,Patient Education,0,0,
016,Jan 2026,Race/Ethnicity (Detailed),Other,Patient Education,0,0,
016,Jan 2026,Primary Language,Other,Patient Education,0,0,
016,Mar 2026,Primary Language,Other,Patient Education,0,0,
016,Mar 2026,Race/Ethnicity (Detailed),Other,Patient Education,0,0,
016,Feb 2026,Insurance,Private,Patient Education,9,9,100.
016,Jan 2026,Insurance,Private,Patient Education,9,9,100.
016,Mar 2026,Insurance,Private,Patient Education,10,10,100.
016,Feb 2026,Insurance,Public,Patient Education,1,1,100.
016,Jan 2026,Insurance,Public,Patient Education,1,1,100.
016,Mar 2026,Insurance,Public,Patient Education,0,0,
016,Feb 2026,Race/Ethnicity (Detailed),Race Not Documented,Patient Education,0,0,
016,Jan 2026,Race/Ethnicity (Detailed),Race Not Documented,Patient Education,0,0,
016,Mar 2026,Race/Ethnicity (Detailed),Race Not Documented,Patient Education,0,0,
016,Feb 2026,Race/Ethnicity (Detailed),White,Patient Education,8,8,100.
016,Feb 2026,Race/Ethnicity,White,Patient Education,9,9,100.
016,Jan 2026,Race/Ethnicity,White,Patient Education,7,7,100.
016,Jan 2026,Race/Ethnicity (Detailed),White,Patient Education,5,5,100.
016,Mar 2026,Race/Ethnicity (Detailed),White,Patient Education,0,0,
016,Mar 2026,Race/Ethnicity,White,Patient Education,10,10,100.
017,Feb 2026,Race/Ethnicity (Detailed),Asian,Patient Education,0,0,
017,Jan 2026,Race/Ethnicity (Detailed),Asian,Patient Education,0,0,
017,Mar 2026,Race/Ethnicity (Detailed),Asian,Patient Education,0,0,
017,Feb 2026,Race/Ethnicity (Detailed),Black/African American,Patient Education,2,2,100.
017,Jan 2026,Race/Ethnicity (Detailed),Black/African American,Patient Education,3,3,100.
017,Mar 2026,Race/Ethnicity (Detailed),Black/African American,Patient Education,3,3,100.
017,Feb 2026,Race/Ethnicity (Detailed),Hispanic/Latino,Patient Education,0,0,
017,Jan 2026,Race/Ethnicity (Detailed),Hispanic/Latino,Patient Education,1,1,100.
017,Mar 2026,Race/Ethnicity (Detailed),Hispanic/Latino,Patient Education,1,1,100.
017,Feb 2026,Race/Ethnicity (Detailed),Other,Patient Education,0,0,
017,Feb 2026,Primary Language,Other,Patient Education,0,0,
017,Jan 2026,Primary Language,Other,Patient Education,0,0,
017,Jan 2026,Race/Ethnicity (Detailed),Other,Patient Education,0,0,
017,Mar 2026,Race/Ethnicity (Detailed),Other,Patient Education,0,0,
017,Mar 2026,Primary Language,Other,Patient Education,0,0,
017,Feb 2026,Insurance,Private,Patient Education,7,7,100.
017,Jan 2026,Insurance,Private,Patient Education,5,5,100.
017,Mar 2026,Insurance,Private,Patient Education,5,5,100.
017,Feb 2026,Insurance,Public,Patient Education,2,2,100.
017,Jan 2026,Insurance,Public,Patient Education,5,5,100.
017,Mar 2026,Insurance,Public,Patient Education,5,5,100.
017,Feb 2026,Race/Ethnicity (Detailed),Race Not Documented,Patient Education,0,0,
017,Jan 2026,Race/Ethnicity (Detailed),Race Not Documented,Patient Education,0,0,
017,Mar 2026,Race/Ethnicity (Detailed),Race Not Documented,Patient Education,0,0,
017,Feb 2026,Race/Ethnicity,White,Patient Education,8,8,100.
017,Feb 2026,Race/Ethnicity (Detailed),White,Patient Education,8,8,100.
017,Jan 2026,Race/Ethnicity (Detailed),White,Patient Education,6,6,100.
017,Jan 2026,Race/Ethnicity,White,Patient Education,6,6,100.
017,Mar 2026,Race/Ethnicity,White,Patient Education,6,6,100.
017,Mar 2026,Race/Ethnicity (Detailed),White,Patient Education,6,6,100.
018,Feb 2026,Race/Ethnicity (Detailed),Asian,Patient Education,0,0,
018,Jan 2026,Race/Ethnicity (Detailed),Asian,Patient Education,0,0,
018,Mar 2026,Race/Ethnicity (Detailed),Asian,Patient Education,0,0,
018,Feb 2026,Race/Ethnicity (Detailed),Black/African American,Patient Education,1,1,100.
018,Jan 2026,Race/Ethnicity (Detailed),Black/African American,Patient Education,2,3,66.67
018,Mar 2026,Race/Ethnicity (Detailed),Black/African American,Patient Education,0,0,
018,Feb 2026,Race/Ethnicity (Detailed),Hispanic/Latino,Patient Education,2,2,100.
018,Jan 2026,Race/Ethnicity (Detailed),Hispanic/Latino,Patient Education,1,1,100.
018,Mar 2026,Race/Ethnicity (Detailed),Hispanic/Latino,Patient Education,0,0,
018,Feb 2026,Race/Ethnicity (Detailed),Other,Patient Education,1,1,100.
018,Feb 2026,Primary Language,Other,Patient Education,0,0,
018,Jan 2026,Primary Language,Other,Patient Education,0,0,
018,Jan 2026,Race/Ethnicity (Detailed),Other,Patient Education,0,0,
018,Mar 2026,Race/Ethnicity (Detailed),Other,Patient Education,0,0,
018,Mar 2026,Primary Language,Other,Patient Education,0,0,
018,Feb 2026,Insurance,Private,Patient Education,5,6,83.33
018,Jan 2026,Insurance,Private,Patient Education,5,6,83.33
018,Mar 2026,Insurance,Private,Patient Education,0,0,
018,Feb 2026,Insurance,Public,Patient Education,3,3,100.
018,Jan 2026,Insurance,Public,Patient Education,4,4,100.
018,Mar 2026,Insurance,Public,Patient Education,0,0,
018,Feb 2026,Race/Ethnicity (Detailed),Race Not Documented,Patient Education,0,0,
018,Jan 2026,Race/Ethnicity (Detailed),Race Not Documented,Patient Education,0,0,
018,Mar 2026,Race/Ethnicity (Detailed),Race Not Documented,Patient Education,0,0,
018,Feb 2026,Race/Ethnicity,White,Patient Education,4,5,80.
018,Feb 2026,Race/Ethnicity (Detailed),White,Patient Education,4,5,80.
018,Jan 2026,Race/Ethnicity (Detailed),White,Patient Education,6,6,100.
018,Jan 2026,Race/Ethnicity,White,Patient Education,6,6,100.
018,Mar 2026,Race/Ethnicity,White,Patient Education,0,0,
018,Mar 2026,Race/Ethnicity (Detailed),White,Patient Education,0,0,
019,Feb 2026,Race/Ethnicity (Detailed),Asian,Patient Education,0,0,
019,Jan 2026,Race/Ethnicity (Detailed),Asian,Patient Education,0,0,
019,Mar 2026,Race/Ethnicity (Detailed),Asian,Patient Education,0,0,
019,Feb 2026,Race/Ethnicity (Detailed),Black/African American,Patient Education,0,0,
019,Jan 2026,Race/Ethnicity (Detailed),Black/African American,Patient Education,2,2,100.
019,Mar 2026,Race/Ethnicity (Detailed),Black/African American,Patient Education,2,2,100.
019,Feb 2026,Race/Ethnicity (Detailed),Hispanic/Latino,Patient Education,10,10,100.
019,Jan 2026,Race/Ethnicity (Detailed),Hispanic/Latino,Patient Education,8,8,100.
019,Mar 2026,Race/Ethnicity (Detailed),Hispanic/Latino,Patient Education,8,8,100.
019,Feb 2026,Race/Ethnicity (Detailed),Other,Patient Education,0,0,
019,Feb 2026,Primary Language,Other,Patient Education,7,7,100.
019,Jan 2026,Race/Ethnicity (Detailed),Other,Patient Education,0,0,
019,Jan 2026,Primary Language,Other,Patient Education,5,5,100.
019,Mar 2026,Race/Ethnicity (Detailed),Other,Patient Education,0,0,
019,Mar 2026,Primary Language,Other,Patient Education,6,6,100.
019,Feb 2026,Insurance,Private,Patient Education,0,0,
019,Jan 2026,Insurance,Private,Patient Education,0,0,
019,Mar 2026,Insurance,Private,Patient Education,0,0,
019,Feb 2026,Insurance,Public,Patient Education,10,10,100.
019,Jan 2026,Insurance,Public,Patient Education,9,9,100.
019,Mar 2026,Insurance,Public,Patient Education,10,10,100.
019,Feb 2026,Race/Ethnicity (Detailed),Race Not Documented,Patient Education,0,0,
019,Jan 2026,Race/Ethnicity (Detailed),Race Not Documented,Patient Education,0,0,
019,Mar 2026,Race/Ethnicity (Detailed),Race Not Documented,Patient Education,0,0,
019,Feb 2026,Race/Ethnicity (Detailed),White,Patient Education,0,0,
019,Feb 2026,Race/Ethnicity,White,Patient Education,0,0,
019,Jan 2026,Race/Ethnicity (Detailed),White,Patient Education,0,0,
019,Jan 2026,Race/Ethnicity,White,Patient Education,0,0,
019,Mar 2026,Race/Ethnicity (Detailed),White,Patient Education,0,0,
019,Mar 2026,Race/Ethnicity,White,Patient Education,0,0,
020,Feb 2026,Race/Ethnicity (Detailed),Asian,Patient Education,0,0,
020,Jan 2026,Race/Ethnicity (Detailed),Asian,Patient Education,0,0,
020,Mar 2026,Race/Ethnicity (Detailed),Asian,Patient Education,0,0,
020,Feb 2026,Race/Ethnicity (Detailed),Black/African American,Patient Education,2,2,100.
020,Jan 2026,Race/Ethnicity (Detailed),Black/African American,Patient Education,0,0,
020,Mar 2026,Race/Ethnicity (Detailed),Black/African American,Patient Education,0,0,
020,Feb 2026,Race/Ethnicity (Detailed),Hispanic/Latino,Patient Education,0,0,
020,Jan 2026,Race/Ethnicity (Detailed),Hispanic/Latino,Patient Education,0,0,
020,Mar 2026,Race/Ethnicity (Detailed),Hispanic/Latino,Patient Education,0,0,
020,Feb 2026,Primary Language,Other,Patient Education,0,0,
020,Feb 2026,Race/Ethnicity (Detailed),Other,Patient Education,0,0,
020,Jan 2026,Race/Ethnicity (Detailed),Other,Patient Education,0,0,
020,Jan 2026,Primary Language,Other,Patient Education,0,0,
020,Mar 2026,Primary Language,Other,Patient Education,0,0,
020,Mar 2026,Race/Ethnicity (Detailed),Other,Patient Education,1,1,100.
020,Feb 2026,Insurance,Private,Patient Education,8,8,100.
020,Jan 2026,Insurance,Private,Patient Education,5,5,100.
020,Mar 2026,Insurance,Private,Patient Education,7,7,100.
020,Feb 2026,Insurance,Public,Patient Education,2,2,100.
020,Jan 2026,Insurance,Public,Patient Education,2,2,100.
020,Mar 2026,Insurance,Public,Patient Education,3,3,100.
020,Feb 2026,Race/Ethnicity (Detailed),Race Not Documented,Patient Education,0,0,
020,Jan 2026,Race/Ethnicity (Detailed),Race Not Documented,Patient Education,0,0,
020,Mar 2026,Race/Ethnicity (Detailed),Race Not Documented,Patient Education,0,0,
020,Feb 2026,Race/Ethnicity (Detailed),White,Patient Education,8,8,100.
020,Feb 2026,Race/Ethnicity,White,Patient Education,8,8,100.
020,Jan 2026,Race/Ethnicity,White,Patient Education,7,7,100.
020,Jan 2026,Race/Ethnicity (Detailed),White,Patient Education,0,0,
020,Mar 2026,Race/Ethnicity (Detailed),White,Patient Education,9,9,100.
020,Mar 2026,Race/Ethnicity,White,Patient Education,9,9,100.
021,Feb 2026,Race/Ethnicity (Detailed),Asian,Patient Education,1,1,100.
021,Jan 2026,Race/Ethnicity (Detailed),Asian,Patient Education,3,3,100.
021,Mar 2026,Race/Ethnicity (Detailed),Asian,Patient Education,1,1,100.
021,Feb 2026,Race/Ethnicity (Detailed),Black/African American,Patient Education,0,0,
021,Jan 2026,Race/Ethnicity (Detailed),Black/African American,Patient Education,0,0,
021,Mar 2026,Race/Ethnicity (Detailed),Black/African American,Patient Education,0,0,
021,Feb 2026,Race/Ethnicity (Detailed),Hispanic/Latino,Patient Education,1,1,100.
021,Jan 2026,Race/Ethnicity (Detailed),Hispanic/Latino,Patient Education,0,0,
021,Mar 2026,Race/Ethnicity (Detailed),Hispanic/Latino,Patient Education,3,3,100.
021,Feb 2026,Race/Ethnicity (Detailed),Other,Patient Education,3,3,100.
021,Feb 2026,Primary Language,Other,Patient Education,1,1,100.
021,Jan 2026,Primary Language,Other,Patient Education,1,1,100.
021,Jan 2026,Race/Ethnicity (Detailed),Other,Patient Education,0,0,
021,Mar 2026,Race/Ethnicity (Detailed),Other,Patient Education,0,0,
021,Mar 2026,Primary Language,Other,Patient Education,3,3,100.
021,Feb 2026,Insurance,Private,Patient Education,3,3,100.
021,Jan 2026,Insurance,Private,Patient Education,6,6,100.
021,Mar 2026,Insurance,Private,Patient Education,5,5,100.
021,Feb 2026,Insurance,Public,Patient Education,7,7,100.
021,Jan 2026,Insurance,Public,Patient Education,4,4,100.
021,Mar 2026,Insurance,Public,Patient Education,5,5,100.
021,Feb 2026,Race/Ethnicity (Detailed),Race Not Documented,Patient Education,0,0,
021,Jan 2026,Race/Ethnicity (Detailed),Race Not Documented,Patient Education,0,0,
021,Mar 2026,Race/Ethnicity (Detailed),Race Not Documented,Patient Education,0,0,
021,Feb 2026,Race/Ethnicity,White,Patient Education,5,5,100.
021,Feb 2026,Race/Ethnicity (Detailed),White,Patient Education,5,5,100.
021,Jan 2026,Race/Ethnicity (Detailed),White,Patient Education,7,7,100.
021,Jan 2026,Race/Ethnicity,White,Patient Education,7,7,100.
021,Mar 2026,Race/Ethnicity,White,Patient Education,6,6,100.
021,Mar 2026,Race/Ethnicity (Detailed),White,Patient Education,6,6,100.
022,Feb 2026,Race/Ethnicity (Detailed),Asian,Patient Education,1,1,100.
022,Jan 2026,Race/Ethnicity (Detailed),Asian,Patient Education,3,3,100.
022,Mar 2026,Race/Ethnicity (Detailed),Asian,Patient Education,0,0,
022,Feb 2026,Race/Ethnicity (Detailed),Black/African American,Patient Education,1,1,100.
022,Jan 2026,Race/Ethnicity (Detailed),Black/African American,Patient Education,1,1,100.
022,Mar 2026,Race/Ethnicity (Detailed),Black/African American,Patient Education,1,1,100.
022,Feb 2026,Race/Ethnicity (Detailed),Hispanic/Latino,Patient Education,1,1,100.
022,Jan 2026,Race/Ethnicity (Detailed),Hispanic/Latino,Patient Education,3,3,100.
022,Mar 2026,Race/Ethnicity (Detailed),Hispanic/Latino,Patient Education,7,7,100.
022,Feb 2026,Race/Ethnicity (Detailed),Other,Patient Education,0,0,
022,Feb 2026,Primary Language,Other,Patient Education,0,0,
022,Jan 2026,Primary Language,Other,Patient Education,1,1,100.
022,Jan 2026,Race/Ethnicity (Detailed),Other,Patient Education,0,0,
022,Mar 2026,Race/Ethnicity (Detailed),Other,Patient Education,3,3,100.
022,Mar 2026,Primary Language,Other,Patient Education,0,0,
022,Feb 2026,Insurance,Private,Patient Education,8,8,100.
022,Jan 2026,Insurance,Private,Patient Education,8,8,100.
022,Mar 2026,Insurance,Private,Patient Education,6,6,100.
022,Feb 2026,Insurance,Public,Patient Education,2,2,100.
022,Jan 2026,Insurance,Public,Patient Education,2,2,100.
022,Mar 2026,Insurance,Public,Patient Education,4,4,100.
022,Feb 2026,Race/Ethnicity (Detailed),Race Not Documented,Patient Education,0,0,
022,Jan 2026,Race/Ethnicity (Detailed),Race Not Documented,Patient Education,0,0,
022,Mar 2026,Race/Ethnicity (Detailed),Race Not Documented,Patient Education,0,0,
022,Feb 2026,Race/Ethnicity,White,Patient Education,8,8,100.
022,Feb 2026,Race/Ethnicity (Detailed),White,Patient Education,7,7,100.
022,Jan 2026,Race/Ethnicity (Detailed),White,Patient Education,3,3,100.
022,Jan 2026,Race/Ethnicity,White,Patient Education,6,6,100.
022,Mar 2026,Race/Ethnicity,White,Patient Education,6,6,100.
022,Mar 2026,Race/Ethnicity (Detailed),White,Patient Education,2,2,100.
023,Feb 2026,Race/Ethnicity (Detailed),Asian,Patient Education,0,0,
023,Jan 2026,Race/Ethnicity (Detailed),Asian,Patient Education,0,0,
023,Mar 2026,Race/Ethnicity (Detailed),Asian,Patient Education,0,0,
023,Feb 2026,Race/Ethnicity (Detailed),Black/African American,Patient Education,0,0,
023,Jan 2026,Race/Ethnicity (Detailed),Black/African American,Patient Education,0,0,
023,Mar 2026,Race/Ethnicity (Detailed),Black/African American,Patient Education,0,0,
023,Feb 2026,Race/Ethnicity (Detailed),Hispanic/Latino,Patient Education,0,0,
023,Jan 2026,Race/Ethnicity (Detailed),Hispanic/Latino,Patient Education,0,0,
023,Mar 2026,Race/Ethnicity (Detailed),Hispanic/Latino,Patient Education,0,0,
023,Feb 2026,Primary Language,Other,Patient Education,0,0,
023,Feb 2026,Race/Ethnicity (Detailed),Other,Patient Education,0,0,
023,Jan 2026,Race/Ethnicity (Detailed),Other,Patient Education,0,0,
023,Jan 2026,Primary Language,Other,Patient Education,0,0,
023,Mar 2026,Primary Language,Other,Patient Education,0,0,
023,Mar 2026,Race/Ethnicity (Detailed),Other,Patient Education,0,0,
023,Feb 2026,Insurance,Private,Patient Education,0,0,
023,Jan 2026,Insurance,Private,Patient Education,0,0,
023,Mar 2026,Insurance,Private,Patient Education,0,0,
023,Feb 2026,Insurance,Public,Patient Education,0,0,
023,Jan 2026,Insurance,Public,Patient Education,0,0,
023,Mar 2026,Insurance,Public,Patient Education,0,0,
023,Feb 2026,Race/Ethnicity (Detailed),Race Not Documented,Patient Education,0,0,
023,Jan 2026,Race/Ethnicity (Detailed),Race Not Documented,Patient Education,0,0,
023,Mar 2026,Race/Ethnicity (Detailed),Race Not Documented,Patient Education,0,0,
023,Feb 2026,Race/Ethnicity (Detailed),White,Patient Education,0,0,
023,Feb 2026,Race/Ethnicity,White,Patient Education,0,0,
023,Jan 2026,Race/Ethnicity,White,Patient Education,0,0,
023,Jan 2026,Race/Ethnicity (Detailed),White,Patient Education,0,0,
023,Mar 2026,Race/Ethnicity (Detailed),White,Patient Education,0,0,
023,Mar 2026,Race/Ethnicity,White,Patient Education,0,0,
024,Feb 2026,Race/Ethnicity (Detailed),Asian,Patient Education,0,1,0.
024,Jan 2026,Race/Ethnicity (Detailed),Asian,Patient Education,0,2,0.
024,Mar 2026,Race/Ethnicity (Detailed),Asian,Patient Education,0,0,
024,Feb 2026,Race/Ethnicity (Detailed),Black/African American,Patient Education,0,1,0.
024,Jan 2026,Race/Ethnicity (Detailed),Black/African American,Patient Education,0,4,0.
024,Mar 2026,Race/Ethnicity (Detailed),Black/African American,Patient Education,1,3,33.33
024,Feb 2026,Race/Ethnicity (Detailed),Hispanic/Latino,Patient Education,0,0,
024,Jan 2026,Race/Ethnicity (Detailed),Hispanic/Latino,Patient Education,0,0,
024,Mar 2026,Race/Ethnicity (Detailed),Hispanic/Latino,Patient Education,0,0,
024,Feb 2026,Primary Language,Other,Patient Education,0,0,
024,Feb 2026,Race/Ethnicity (Detailed),Other,Patient Education,0,1,0.
024,Jan 2026,Race/Ethnicity (Detailed),Other,Patient Education,0,0,
024,Jan 2026,Primary Language,Other,Patient Education,0,0,
024,Mar 2026,Primary Language,Other,Patient Education,0,0,
024,Mar 2026,Race/Ethnicity (Detailed),Other,Patient Education,0,0,
024,Feb 2026,Insurance,Private,Patient Education,0,3,0.
024,Jan 2026,Insurance,Private,Patient Education,0,5,0.
024,Mar 2026,Insurance,Private,Patient Education,0,2,0.
024,Feb 2026,Insurance,Public,Patient Education,0,7,0.
024,Jan 2026,Insurance,Public,Patient Education,0,5,0.
024,Mar 2026,Insurance,Public,Patient Education,1,7,14.29
024,Feb 2026,Race/Ethnicity (Detailed),Race Not Documented,Patient Education,0,0,
024,Jan 2026,Race/Ethnicity (Detailed),Race Not Documented,Patient Education,0,0,
024,Mar 2026,Race/Ethnicity (Detailed),Race Not Documented,Patient Education,0,0,
024,Feb 2026,Race/Ethnicity (Detailed),White,Patient Education,0,7,0.
024,Feb 2026,Race/Ethnicity,White,Patient Education,0,7,0.
024,Jan 2026,Race/Ethnicity,White,Patient Education,0,4,0.
024,Jan 2026,Race/Ethnicity (Detailed),White,Patient Education,0,4,0.
024,Mar 2026,Race/Ethnicity (Detailed),White,Patient Education,0,7,0.
024,Mar 2026,Race/Ethnicity,White,Patient Education,0,8,0.
025,Feb 2026,Race/Ethnicity (Detailed),Asian,Patient Education,0,0,
025,Jan 2026,Race/Ethnicity (Detailed),Asian,Patient Education,1,1,100.
025,Mar 2026,Race/Ethnicity (Detailed),Asian,Patient Education,0,0,
025,Feb 2026,Race/Ethnicity (Detailed),Black/African American,Patient Education,1,1,100.
025,Jan 2026,Race/Ethnicity (Detailed),Black/African American,Patient Education,1,1,100.
025,Mar 2026,Race/Ethnicity (Detailed),Black/African American,Patient Education,0,0,
025,Feb 2026,Race/Ethnicity (Detailed),Hispanic/Latino,Patient Education,0,0,
025,Jan 2026,Race/Ethnicity (Detailed),Hispanic/Latino,Patient Education,0,0,
025,Mar 2026,Race/Ethnicity (Detailed),Hispanic/Latino,Patient Education,0,0,
025,Feb 2026,Race/Ethnicity (Detailed),Other,Patient Education,0,0,
025,Feb 2026,Primary Language,Other,Patient Education,0,0,
025,Jan 2026,Primary Language,Other,Patient Education,0,0,
025,Jan 2026,Race/Ethnicity (Detailed),Other,Patient Education,0,0,
025,Mar 2026,Race/Ethnicity (Detailed),Other,Patient Education,0,0,
025,Mar 2026,Primary Language,Other,Patient Education,0,0,
025,Feb 2026,Insurance,Private,Patient Education,4,4,100.
025,Jan 2026,Insurance,Private,Patient Education,5,5,100.
025,Mar 2026,Insurance,Private,Patient Education,6,6,100.
025,Feb 2026,Insurance,Public,Patient Education,6,6,100.
025,Jan 2026,Insurance,Public,Patient Education,5,5,100.
025,Mar 2026,Insurance,Public,Patient Education,4,4,100.
025,Feb 2026,Race/Ethnicity (Detailed),Race Not Documented,Patient Education,0,0,
025,Jan 2026,Race/Ethnicity (Detailed),Race Not Documented,Patient Education,0,0,
025,Mar 2026,Race/Ethnicity (Detailed),Race Not Documented,Patient Education,0,0,
025,Feb 2026,Race/Ethnicity,White,Patient Education,10,10,100.
025,Feb 2026,Race/Ethnicity (Detailed),White,Patient Education,9,9,100.
025,Jan 2026,Race/Ethnicity (Detailed),White,Patient Education,8,8,100.
025,Jan 2026,Race/Ethnicity,White,Patient Education,8,8,100.
025,Mar 2026,Race/Ethnicity,White,Patient Education,10,10,100.
025,Mar 2026,Race/Ethnicity (Detailed),White,Patient Education,0,0,
026,Feb 2026,Race/Ethnicity (Detailed),Asian,Patient Education,0,0,
026,Jan 2026,Race/Ethnicity (Detailed),Asian,Patient Education,0,0,
026,Mar 2026,Race/Ethnicity (Detailed),Asian,Patient Education,0,0,
026,Feb 2026,Race/Ethnicity (Detailed),Black/African American,Patient Education,0,0,
026,Jan 2026,Race/Ethnicity (Detailed),Black/African American,Patient Education,0,0,
026,Mar 2026,Race/Ethnicity (Detailed),Black/African American,Patient Education,0,0,
026,Feb 2026,Race/Ethnicity (Detailed),Hispanic/Latino,Patient Education,0,0,
026,Jan 2026,Race/Ethnicity (Detailed),Hispanic/Latino,Patient Education,0,0,
026,Mar 2026,Race/Ethnicity (Detailed),Hispanic/Latino,Patient Education,0,0,
026,Feb 2026,Race/Ethnicity (Detailed),Other,Patient Education,0,0,
026,Feb 2026,Primary Language,Other,Patient Education,0,0,
026,Jan 2026,Primary Language,Other,Patient Education,0,0,
026,Jan 2026,Race/Ethnicity (Detailed),Other,Patient Education,0,0,
026,Mar 2026,Race/Ethnicity (Detailed),Other,Patient Education,0,0,
026,Mar 2026,Primary Language,Other,Patient Education,0,0,
026,Feb 2026,Insurance,Private,Patient Education,0,0,
026,Jan 2026,Insurance,Private,Patient Education,0,0,
026,Mar 2026,Insurance,Private,Patient Education,0,0,
026,Feb 2026,Insurance,Public,Patient Education,0,0,
026,Jan 2026,Insurance,Public,Patient Education,0,0,
026,Mar 2026,Insurance,Public,Patient Education,0,0,
026,Feb 2026,Race/Ethnicity (Detailed),Race Not Documented,Patient Education,0,0,
026,Jan 2026,Race/Ethnicity (Detailed),Race Not Documented,Patient Education,0,0,
026,Mar 2026,Race/Ethnicity (Detailed),Race Not Documented,Patient Education,0,0,
026,Feb 2026,Race/Ethnicity,White,Patient Education,0,0,
026,Feb 2026,Race/Ethnicity (Detailed),White,Patient Education,0,0,
026,Jan 2026,Race/Ethnicity (Detailed),White,Patient Education,0,0,
026,Jan 2026,Race/Ethnicity,White,Patient Education,0,0,
026,Mar 2026,Race/Ethnicity,White,Patient Education,0,0,
026,Mar 2026,Race/Ethnicity (Detailed),White,Patient Education,0,0,
027,Feb 2026,Race/Ethnicity (Detailed),Asian,Patient Education,0,0,
027,Jan 2026,Race/Ethnicity (Detailed),Asian,Patient Education,0,0,
027,Mar 2026,Race/Ethnicity (Detailed),Asian,Patient Education,0,0,
027,Feb 2026,Race/Ethnicity (Detailed),Black/African American,Patient Education,0,0,
027,Jan 2026,Race/Ethnicity (Detailed),Black/African American,Patient Education,0,1,0.
027,Mar 2026,Race/Ethnicity (Detailed),Black/African American,Patient Education,0,0,
027,Feb 2026,Race/Ethnicity (Detailed),Hispanic/Latino,Patient Education,0,0,
027,Jan 2026,Race/Ethnicity (Detailed),Hispanic/Latino,Patient Education,0,1,0.
027,Mar 2026,Race/Ethnicity (Detailed),Hispanic/Latino,Patient Education,0,0,
027,Feb 2026,Race/Ethnicity (Detailed),Other,Patient Education,0,0,
027,Feb 2026,Primary Language,Other,Patient Education,0,0,
027,Jan 2026,Primary Language,Other,Patient Education,0,2,0.
027,Jan 2026,Race/Ethnicity (Detailed),Other,Patient Education,0,1,0.
027,Mar 2026,Race/Ethnicity (Detailed),Other,Patient Education,0,0,
027,Mar 2026,Primary Language,Other,Patient Education,0,0,
027,Feb 2026,Insurance,Private,Patient Education,0,0,
027,Jan 2026,Insurance,Private,Patient Education,0,7,0.
027,Mar 2026,Insurance,Private,Patient Education,0,0,
027,Feb 2026,Insurance,Public,Patient Education,0,0,
027,Jan 2026,Insurance,Public,Patient Education,0,3,0.
027,Mar 2026,Insurance,Public,Patient Education,0,0,
027,Feb 2026,Race/Ethnicity (Detailed),Race Not Documented,Patient Education,0,0,
027,Jan 2026,Race/Ethnicity (Detailed),Race Not Documented,Patient Education,0,0,
027,Mar 2026,Race/Ethnicity (Detailed),Race Not Documented,Patient Education,0,0,
027,Feb 2026,Race/Ethnicity,White,Patient Education,0,0,
027,Feb 2026,Race/Ethnicity (Detailed),White,Patient Education,0,0,
027,Jan 2026,Race/Ethnicity (Detailed),White,Patient Education,0,7,0.
027,Jan 2026,Race/Ethnicity,White,Patient Education,0,7,0.
027,Mar 2026,Race/Ethnicity,White,Patient Education,0,0,
027,Mar 2026,Race/Ethnicity (Detailed),White,Patient Education,0,0,
028,Feb 2026,Race/Ethnicity (Detailed),Asian,Patient Education,2,2,100.
028,Jan 2026,Race/Ethnicity (Detailed),Asian,Patient Education,0,0,
028,Mar 2026,Race/Ethnicity (Detailed),Asian,Patient Education,1,1,100.
028,Feb 2026,Race/Ethnicity (Detailed),Black/African American,Patient Education,2,2,100.
028,Jan 2026,Race/Ethnicity (Detailed),Black/African American,Patient Education,6,6,100.
028,Mar 2026,Race/Ethnicity (Detailed),Black/African American,Patient Education,3,3,100.
028,Feb 2026,Race/Ethnicity (Detailed),Hispanic/Latino,Patient Education,1,1,100.
028,Jan 2026,Race/Ethnicity (Detailed),Hispanic/Latino,Patient Education,1,1,100.
028,Mar 2026,Race/Ethnicity (Detailed),Hispanic/Latino,Patient Education,1,1,100.
028,Feb 2026,Primary Language,Other,Patient Education,1,1,100.
028,Feb 2026,Race/Ethnicity (Detailed),Other,Patient Education,0,0,
028,Jan 2026,Race/Ethnicity (Detailed),Other,Patient Education,0,0,
028,Jan 2026,Primary Language,Other,Patient Education,3,3,100.
028,Mar 2026,Primary Language,Other,Patient Education,1,1,100.
028,Mar 2026,Race/Ethnicity (Detailed),Other,Patient Education,0,0,
028,Feb 2026,Insurance,Private,Patient Education,7,7,100.
028,Jan 2026,Insurance,Private,Patient Education,3,3,100.
028,Mar 2026,Insurance,Private,Patient Education,5,5,100.
028,Feb 2026,Insurance,Public,Patient Education,3,3,100.
028,Jan 2026,Insurance,Public,Patient Education,6,6,100.
028,Mar 2026,Insurance,Public,Patient Education,5,5,100.
028,Feb 2026,Race/Ethnicity (Detailed),Race Not Documented,Patient Education,0,0,
028,Jan 2026,Race/Ethnicity (Detailed),Race Not Documented,Patient Education,0,0,
028,Mar 2026,Race/Ethnicity (Detailed),Race Not Documented,Patient Education,0,0,
028,Feb 2026,Race/Ethnicity (Detailed),White,Patient Education,5,5,100.
028,Feb 2026,Race/Ethnicity,White,Patient Education,5,5,100.
028,Jan 2026,Race/Ethnicity,White,Patient Education,3,3,100.
028,Jan 2026,Race/Ethnicity (Detailed),White,Patient Education,3,3,100.
028,Mar 2026,Race/Ethnicity (Detailed),White,Patient Education,5,5,100.
028,Mar 2026,Race/Ethnicity,White,Patient Education,5,5,100.
029,Feb 2026,Race/Ethnicity (Detailed),Asian,Patient Education,0,0,
029,Jan 2026,Race/Ethnicity (Detailed),Asian,Patient Education,0,0,
029,Mar 2026,Race/Ethnicity (Detailed),Asian,Patient Education,0,0,
029,Feb 2026,Race/Ethnicity (Detailed),Black/African American,Patient Education,0,0,
029,Jan 2026,Race/Ethnicity (Detailed),Black/African American,Patient Education,0,0,
029,Mar 2026,Race/Ethnicity (Detailed),Black/African American,Patient Education,0,0,
029,Feb 2026,Race/Ethnicity (Detailed),Hispanic/Latino,Patient Education,0,0,
029,Jan 2026,Race/Ethnicity (Detailed),Hispanic/Latino,Patient Education,0,0,
029,Mar 2026,Race/Ethnicity (Detailed),Hispanic/Latino,Patient Education,0,0,
029,Feb 2026,Race/Ethnicity (Detailed),Other,Patient Education,0,0,
029,Feb 2026,Primary Language,Other,Patient Education,0,0,
029,Jan 2026,Primary Language,Other,Patient Education,0,0,
029,Jan 2026,Race/Ethnicity (Detailed),Other,Patient Education,0,0,
029,Mar 2026,Race/Ethnicity (Detailed),Other,Patient Education,0,0,
029,Mar 2026,Primary Language,Other,Patient Education,0,0,
029,Feb 2026,Insurance,Private,Patient Education,0,0,
029,Jan 2026,Insurance,Private,Patient Education,0,0,
029,Mar 2026,Insurance,Private,Patient Education,0,0,
029,Feb 2026,Insurance,Public,Patient Education,0,0,
029,Jan 2026,Insurance,Public,Patient Education,0,0,
029,Mar 2026,Insurance,Public,Patient Education,0,0,
029,Feb 2026,Race/Ethnicity (Detailed),Race Not Documented,Patient Education,0,0,
029,Jan 2026,Race/Ethnicity (Detailed),Race Not Documented,Patient Education,0,0,
029,Mar 2026,Race/Ethnicity (Detailed),Race Not Documented,Patient Education,0,0,
029,Feb 2026,Race/Ethnicity,White,Patient Education,0,0,
029,Feb 2026,Race/Ethnicity (Detailed),White,Patient Education,0,0,
029,Jan 2026,Race/Ethnicity (Detailed),White,Patient Education,0,0,
029,Jan 2026,Race/Ethnicity,White,Patient Education,0,0,
029,Mar 2026,Race/Ethnicity,White,Patient Education,0,0,
029,Mar 2026,Race/Ethnicity (Detailed),White,Patient Education,0,0,
030,Feb 2026,Race/Ethnicity (Detailed),Asian,Patient Education,0,0,
030,Jan 2026,Race/Ethnicity (Detailed),Asian,Patient Education,0,0,
030,Mar 2026,Race/Ethnicity (Detailed),Asian,Patient Education,0,0,
030,Feb 2026,Race/Ethnicity (Detailed),Black/African American,Patient Education,0,0,
030,Jan 2026,Race/Ethnicity (Detailed),Black/African American,Patient Education,0,0,
030,Mar 2026,Race/Ethnicity (Detailed),Black/African American,Patient Education,0,0,
030,Feb 2026,Race/Ethnicity (Detailed),Hispanic/Latino,Patient Education,0,0,
030,Jan 2026,Race/Ethnicity (Detailed),Hispanic/Latino,Patient Education,0,0,
030,Mar 2026,Race/Ethnicity (Detailed),Hispanic/Latino,Patient Education,0,0,
030,Feb 2026,Race/Ethnicity (Detailed),Other,Patient Education,0,0,
030,Feb 2026,Primary Language,Other,Patient Education,0,0,
030,Jan 2026,Primary Language,Other,Patient Education,0,0,
030,Jan 2026,Race/Ethnicity (Detailed),Other,Patient Education,0,0,
030,Mar 2026,Race/Ethnicity (Detailed),Other,Patient Education,0,0,
030,Mar 2026,Primary Language,Other,Patient Education,0,0,
030,Feb 2026,Insurance,Private,Patient Education,0,0,
030,Jan 2026,Insurance,Private,Patient Education,0,0,
030,Mar 2026,Insurance,Private,Patient Education,0,0,
030,Feb 2026,Insurance,Public,Patient Education,0,0,
030,Jan 2026,Insurance,Public,Patient Education,0,0,
030,Mar 2026,Insurance,Public,Patient Education,0,0,
030,Feb 2026,Race/Ethnicity (Detailed),Race Not Documented,Patient Education,0,0,
030,Jan 2026,Race/Ethnicity (Detailed),Race Not Documented,Patient Education,0,0,
030,Mar 2026,Race/Ethnicity (Detailed),Race Not Documented,Patient Education,0,0,
030,Feb 2026,Race/Ethnicity,White,Patient Education,0,0,
030,Feb 2026,Race/Ethnicity (Detailed),White,Patient Education,0,0,
030,Jan 2026,Race/Ethnicity (Detailed),White,Patient Education,0,0,
030,Jan 2026,Race/Ethnicity,White,Patient Education,0,0,
030,Mar 2026,Race/Ethnicity,White,Patient Education,0,0,
030,Mar 2026,Race/Ethnicity (Detailed),White,Patient Education,0,0,
031,Feb 2026,Race/Ethnicity (Detailed),Asian,Patient Education,0,0,
031,Jan 2026,Race/Ethnicity (Detailed),Asian,Patient Education,0,0,
031,Mar 2026,Race/Ethnicity (Detailed),Asian,Patient Education,0,0,
031,Feb 2026,Race/Ethnicity (Detailed),Black/African American,Patient Education,0,0,
031,Jan 2026,Race/Ethnicity (Detailed),Black/African American,Patient Education,0,0,
031,Mar 2026,Race/Ethnicity (Detailed),Black/African American,Patient Education,0,0,
031,Feb 2026,Race/Ethnicity (Detailed),Hispanic/Latino,Patient Education,0,0,
031,Jan 2026,Race/Ethnicity (Detailed),Hispanic/Latino,Patient Education,0,0,
031,Mar 2026,Race/Ethnicity (Detailed),Hispanic/Latino,Patient Education,0,0,
031,Feb 2026,Race/Ethnicity (Detailed),Other,Patient Education,0,0,
031,Feb 2026,Primary Language,Other,Patient Education,0,0,
031,Jan 2026,Race/Ethnicity (Detailed),Other,Patient Education,0,0,
031,Jan 2026,Primary Language,Other,Patient Education,0,0,
031,Mar 2026,Race/Ethnicity (Detailed),Other,Patient Education,0,0,
031,Mar 2026,Primary Language,Other,Patient Education,0,0,
031,Feb 2026,Insurance,Private,Patient Education,0,0,
031,Jan 2026,Insurance,Private,Patient Education,0,0,
031,Mar 2026,Insurance,Private,Patient Education,0,0,
031,Feb 2026,Insurance,Public,Patient Education,0,0,
031,Jan 2026,Insurance,Public,Patient Education,0,0,
031,Mar 2026,Insurance,Public,Patient Education,0,0,
031,Feb 2026,Race/Ethnicity (Detailed),Race Not Documented,Patient Education,0,0,
031,Jan 2026,Race/Ethnicity (Detailed),Race Not Documented,Patient Education,0,0,
031,Mar 2026,Race/Ethnicity (Detailed),Race Not Documented,Patient Education,0,0,
031,Feb 2026,Race/Ethnicity (Detailed),White,Patient Education,0,0,
031,Feb 2026,Race/Ethnicity,White,Patient Education,0,0,
031,Jan 2026,Race/Ethnicity (Detailed),White,Patient Education,0,0,
031,Jan 2026,Race/Ethnicity,White,Patient Education,0,0,
031,Mar 2026,Race/Ethnicity (Detailed),White,Patient Education,0,0,
031,Mar 2026,Race/Ethnicity,White,Patient Education,0,0,
032,Feb 2026,Race/Ethnicity (Detailed),Asian,Patient Education,0,0,
032,Jan 2026,Race/Ethnicity (Detailed),Asian,Patient Education,0,0,
032,Mar 2026,Race/Ethnicity (Detailed),Asian,Patient Education,0,0,
032,Feb 2026,Race/Ethnicity (Detailed),Black/African American,Patient Education,0,0,
032,Jan 2026,Race/Ethnicity (Detailed),Black/African American,Patient Education,0,0,
032,Mar 2026,Race/Ethnicity (Detailed),Black/African American,Patient Education,0,0,
032,Feb 2026,Race/Ethnicity (Detailed),Hispanic/Latino,Patient Education,0,0,
032,Jan 2026,Race/Ethnicity (Detailed),Hispanic/Latino,Patient Education,0,0,
032,Mar 2026,Race/Ethnicity (Detailed),Hispanic/Latino,Patient Education,0,0,
032,Feb 2026,Primary Language,Other,Patient Education,0,0,
032,Feb 2026,Race/Ethnicity (Detailed),Other,Patient Education,0,0,
032,Jan 2026,Race/Ethnicity (Detailed),Other,Patient Education,0,0,
032,Jan 2026,Primary Language,Other,Patient Education,0,0,
032,Mar 2026,Primary Language,Other,Patient Education,0,0,
032,Mar 2026,Race/Ethnicity (Detailed),Other,Patient Education,0,0,
032,Feb 2026,Insurance,Private,Patient Education,0,0,
032,Jan 2026,Insurance,Private,Patient Education,0,0,
032,Mar 2026,Insurance,Private,Patient Education,0,0,
032,Feb 2026,Insurance,Public,Patient Education,0,0,
032,Jan 2026,Insurance,Public,Patient Education,0,0,
032,Mar 2026,Insurance,Public,Patient Education,0,0,
032,Feb 2026,Race/Ethnicity (Detailed),Race Not Documented,Patient Education,0,0,
032,Jan 2026,Race/Ethnicity (Detailed),Race Not Documented,Patient Education,0,0,
032,Mar 2026,Race/Ethnicity (Detailed),Race Not Documented,Patient Education,0,0,
032,Feb 2026,Race/Ethnicity (Detailed),White,Patient Education,0,0,
032,Feb 2026,Race/Ethnicity,White,Patient Education,0,0,
032,Jan 2026,Race/Ethnicity,White,Patient Education,0,0,
032,Jan 2026,Race/Ethnicity (Detailed),White,Patient Education,0,0,
032,Mar 2026,Race/Ethnicity (Detailed),White,Patient Education,0,0,
032,Mar 2026,Race/Ethnicity,White,Patient Education,0,0,
033,Feb 2026,Race/Ethnicity (Detailed),Asian,Patient Education,0,0,
033,Jan 2026,Race/Ethnicity (Detailed),Asian,Patient Education,0,0,
033,Mar 2026,Race/Ethnicity (Detailed),Asian,Patient Education,0,0,
033,Feb 2026,Race/Ethnicity (Detailed),Black/African American,Patient Education,0,0,
033,Jan 2026,Race/Ethnicity (Detailed),Black/African American,Patient Education,0,0,
033,Mar 2026,Race/Ethnicity (Detailed),Black/African American,Patient Education,0,0,
033,Feb 2026,Race/Ethnicity (Detailed),Hispanic/Latino,Patient Education,0,0,
033,Jan 2026,Race/Ethnicity (Detailed),Hispanic/Latino,Patient Education,0,0,
033,Mar 2026,Race/Ethnicity (Detailed),Hispanic/Latino,Patient Education,0,0,
033,Feb 2026,Primary Language,Other,Patient Education,0,0,
033,Feb 2026,Race/Ethnicity (Detailed),Other,Patient Education,0,0,
033,Jan 2026,Race/Ethnicity (Detailed),Other,Patient Education,0,0,
033,Jan 2026,Primary Language,Other,Patient Education,0,0,
033,Mar 2026,Primary Language,Other,Patient Education,0,0,
033,Mar 2026,Race/Ethnicity (Detailed),Other,Patient Education,0,0,
033,Feb 2026,Insurance,Private,Patient Education,0,0,
033,Jan 2026,Insurance,Private,Patient Education,0,0,
033,Mar 2026,Insurance,Private,Patient Education,0,0,
033,Feb 2026,Insurance,Public,Patient Education,0,0,
033,Jan 2026,Insurance,Public,Patient Education,0,0,
033,Mar 2026,Insurance,Public,Patient Education,0,0,
033,Feb 2026,Race/Ethnicity (Detailed),Race Not Documented,Patient Education,0,0,
033,Jan 2026,Race/Ethnicity (Detailed),Race Not Documented,Patient Education,0,0,
033,Mar 2026,Race/Ethnicity (Detailed),Race Not Documented,Patient Education,0,0,
033,Feb 2026,Race/Ethnicity (Detailed),White,Patient Education,0,0,
033,Feb 2026,Race/Ethnicity,White,Patient Education,0,0,
033,Jan 2026,Race/Ethnicity,White,Patient Education,0,0,
033,Jan 2026,Race/Ethnicity (Detailed),White,Patient Education,0,0,
033,Mar 2026,Race/Ethnicity (Detailed),White,Patient Education,0,0,
033,Mar 2026,Race/Ethnicity,White,Patient Education,0,0,
034,Feb 2026,Race/Ethnicity (Detailed),Asian,Patient Education,0,0,
034,Jan 2026,Race/Ethnicity (Detailed),Asian,Patient Education,1,1,100.
034,Mar 2026,Race/Ethnicity (Detailed),Asian,Patient Education,1,1,100.
034,Feb 2026,Race/Ethnicity (Detailed),Black/African American,Patient Education,0,0,
034,Jan 2026,Race/Ethnicity (Detailed),Black/African American,Patient Education,1,1,100.
034,Mar 2026,Race/Ethnicity (Detailed),Black/African American,Patient Education,1,1,100.
034,Feb 2026,Race/Ethnicity (Detailed),Hispanic/Latino,Patient Education,8,8,100.
034,Jan 2026,Race/Ethnicity (Detailed),Hispanic/Latino,Patient Education,4,4,100.
034,Mar 2026,Race/Ethnicity (Detailed),Hispanic/Latino,Patient Education,3,3,100.
034,Feb 2026,Race/Ethnicity (Detailed),Other,Patient Education,4,4,100.
034,Feb 2026,Primary Language,Other,Patient Education,4,4,100.
034,Jan 2026,Primary Language,Other,Patient Education,1,1,100.
034,Jan 2026,Race/Ethnicity (Detailed),Other,Patient Education,2,2,100.
034,Mar 2026,Race/Ethnicity (Detailed),Other,Patient Education,2,2,100.
034,Mar 2026,Primary Language,Other,Patient Education,1,1,100.
034,Feb 2026,Insurance,Private,Patient Education,5,5,100.
034,Jan 2026,Insurance,Private,Patient Education,7,7,100.
034,Mar 2026,Insurance,Private,Patient Education,4,4,100.
034,Feb 2026,Insurance,Public,Patient Education,5,5,100.
034,Jan 2026,Insurance,Public,Patient Education,3,3,100.
034,Mar 2026,Insurance,Public,Patient Education,5,5,100.
034,Feb 2026,Race/Ethnicity (Detailed),Race Not Documented,Patient Education,0,0,
034,Jan 2026,Race/Ethnicity (Detailed),Race Not Documented,Patient Education,0,0,
034,Mar 2026,Race/Ethnicity (Detailed),Race Not Documented,Patient Education,1,1,100.
034,Feb 2026,Race/Ethnicity,White,Patient Education,4,4,100.
034,Feb 2026,Race/Ethnicity (Detailed),White,Patient Education,1,1,100.
034,Jan 2026,Race/Ethnicity (Detailed),White,Patient Education,4,4,100.
034,Jan 2026,Race/Ethnicity,White,Patient Education,6,6,100.
034,Mar 2026,Race/Ethnicity,White,Patient Education,2,2,100.
034,Mar 2026,Race/Ethnicity (Detailed),White,Patient Education,2,2,100.
036,Feb 2026,Race/Ethnicity (Detailed),Asian,Patient Education,0,0,
036,Jan 2026,Race/Ethnicity (Detailed),Asian,Patient Education,0,0,
036,Mar 2026,Race/Ethnicity (Detailed),Asian,Patient Education,0,0,
036,Feb 2026,Race/Ethnicity (Detailed),Black/African American,Patient Education,0,0,
036,Jan 2026,Race/Ethnicity (Detailed),Black/African American,Patient Education,0,1,0.
036,Mar 2026,Race/Ethnicity (Detailed),Black/African American,Patient Education,1,1,100.
036,Feb 2026,Race/Ethnicity (Detailed),Hispanic/Latino,Patient Education,0,2,0.
036,Jan 2026,Race/Ethnicity (Detailed),Hispanic/Latino,Patient Education,0,1,0.
036,Mar 2026,Race/Ethnicity (Detailed),Hispanic/Latino,Patient Education,2,3,66.67
036,Feb 2026,Primary Language,Other,Patient Education,0,1,0.
036,Feb 2026,Race/Ethnicity (Detailed),Other,Patient Education,0,0,
036,Jan 2026,Race/Ethnicity (Detailed),Other,Patient Education,0,1,0.
036,Jan 2026,Primary Language,Other,Patient Education,0,0,
036,Mar 2026,Primary Language,Other,Patient Education,2,3,66.67
036,Mar 2026,Race/Ethnicity (Detailed),Other,Patient Education,0,0,
036,Feb 2026,Insurance,Private,Patient Education,0,0,
036,Jan 2026,Insurance,Private,Patient Education,0,0,
036,Mar 2026,Insurance,Private,Patient Education,1,1,100.
036,Feb 2026,Insurance,Public,Patient Education,0,2,0.
036,Jan 2026,Insurance,Public,Patient Education,0,2,0.
036,Mar 2026,Insurance,Public,Patient Education,2,3,66.67
036,Feb 2026,Race/Ethnicity (Detailed),Race Not Documented,Patient Education,0,0,
036,Jan 2026,Race/Ethnicity (Detailed),Race Not Documented,Patient Education,0,0,
036,Mar 2026,Race/Ethnicity (Detailed),Race Not Documented,Patient Education,0,0,
036,Feb 2026,Race/Ethnicity (Detailed),White,Patient Education,0,0,
036,Feb 2026,Race/Ethnicity,White,Patient Education,0,0,
036,Jan 2026,Race/Ethnicity,White,Patient Education,0,0,
036,Jan 2026,Race/Ethnicity (Detailed),White,Patient Education,0,0,
036,Mar 2026,Race/Ethnicity (Detailed),White,Patient Education,0,0,
036,Mar 2026,Race/Ethnicity,White,Patient Education,0,0,
037,Feb 2026,Race/Ethnicity (Detailed),Asian,Patient Education,0,0,
037,Jan 2026,Race/Ethnicity (Detailed),Asian,Patient Education,0,0,
037,Mar 2026,Race/Ethnicity (Detailed),Asian,Patient Education,0,0,
037,Feb 2026,Race/Ethnicity (Detailed),Black/African American,Patient Education,0,0,
037,Jan 2026,Race/Ethnicity (Detailed),Black/African American,Patient Education,0,0,
037,Mar 2026,Race/Ethnicity (Detailed),Black/African American,Patient Education,0,0,
037,Feb 2026,Race/Ethnicity (Detailed),Hispanic/Latino,Patient Education,0,0,
037,Jan 2026,Race/Ethnicity (Detailed),Hispanic/Latino,Patient Education,0,0,
037,Mar 2026,Race/Ethnicity (Detailed),Hispanic/Latino,Patient Education,0,0,
037,Feb 2026,Primary Language,Other,Patient Education,0,0,
037,Feb 2026,Race/Ethnicity (Detailed),Other,Patient Education,0,0,
037,Jan 2026,Race/Ethnicity (Detailed),Other,Patient Education,0,0,
037,Jan 2026,Primary Language,Other,Patient Education,0,0,
037,Mar 2026,Primary Language,Other,Patient Education,0,0,
037,Mar 2026,Race/Ethnicity (Detailed),Other,Patient Education,0,0,
037,Feb 2026,Insurance,Private,Patient Education,0,0,
037,Jan 2026,Insurance,Private,Patient Education,0,0,
037,Mar 2026,Insurance,Private,Patient Education,0,0,
037,Feb 2026,Insurance,Public,Patient Education,0,0,
037,Jan 2026,Insurance,Public,Patient Education,0,0,
037,Mar 2026,Insurance,Public,Patient Education,0,0,
037,Feb 2026,Race/Ethnicity (Detailed),Race Not Documented,Patient Education,0,0,
037,Jan 2026,Race/Ethnicity (Detailed),Race Not Documented,Patient Education,0,0,
037,Mar 2026,Race/Ethnicity (Detailed),Race Not Documented,Patient Education,0,0,
037,Feb 2026,Race/Ethnicity (Detailed),White,Patient Education,0,0,
037,Feb 2026,Race/Ethnicity,White,Patient Education,0,0,
037,Jan 2026,Race/Ethnicity,White,Patient Education,0,0,
037,Jan 2026,Race/Ethnicity (Detailed),White,Patient Education,0,0,
037,Mar 2026,Race/Ethnicity (Detailed),White,Patient Education,0,0,
037,Mar 2026,Race/Ethnicity,White,Patient Education,0,0,
038,Feb 2026,Race/Ethnicity (Detailed),Asian,Patient Education,0,0,
038,Jan 2026,Race/Ethnicity (Detailed),Asian,Patient Education,0,0,
038,Mar 2026,Race/Ethnicity (Detailed),Asian,Patient Education,0,0,
038,Feb 2026,Race/Ethnicity (Detailed),Black/African American,Patient Education,0,0,
038,Jan 2026,Race/Ethnicity (Detailed),Black/African American,Patient Education,0,0,
038,Mar 2026,Race/Ethnicity (Detailed),Black/African American,Patient Education,0,0,
038,Feb 2026,Race/Ethnicity (Detailed),Hispanic/Latino,Patient Education,0,0,
038,Jan 2026,Race/Ethnicity (Detailed),Hispanic/Latino,Patient Education,0,0,
038,Mar 2026,Race/Ethnicity (Detailed),Hispanic/Latino,Patient Education,0,0,
038,Feb 2026,Primary Language,Other,Patient Education,0,0,
038,Feb 2026,Race/Ethnicity (Detailed),Other,Patient Education,0,0,
038,Jan 2026,Race/Ethnicity (Detailed),Other,Patient Education,0,0,
038,Jan 2026,Primary Language,Other,Patient Education,0,0,
038,Mar 2026,Primary Language,Other,Patient Education,0,0,
038,Mar 2026,Race/Ethnicity (Detailed),Other,Patient Education,0,0,
038,Feb 2026,Insurance,Private,Patient Education,0,0,
038,Jan 2026,Insurance,Private,Patient Education,0,0,
038,Mar 2026,Insurance,Private,Patient Education,0,0,
038,Feb 2026,Insurance,Public,Patient Education,0,0,
038,Jan 2026,Insurance,Public,Patient Education,0,0,
038,Mar 2026,Insurance,Public,Patient Education,0,0,
038,Feb 2026,Race/Ethnicity (Detailed),Race Not Documented,Patient Education,0,0,
038,Jan 2026,Race/Ethnicity (Detailed),Race Not Documented,Patient Education,0,0,
038,Mar 2026,Race/Ethnicity (Detailed),Race Not Documented,Patient Education,0,0,
038,Feb 2026,Race/Ethnicity (Detailed),White,Patient Education,0,0,
038,Feb 2026,Race/Ethnicity,White,Patient Education,0,0,
038,Jan 2026,Race/Ethnicity,White,Patient Education,0,0,
038,Jan 2026,Race/Ethnicity (Detailed),White,Patient Education,0,0,
038,Mar 2026,Race/Ethnicity (Detailed),White,Patient Education,0,0,
038,Mar 2026,Race/Ethnicity,White,Patient Education,0,0,
039,Feb 2026,Race/Ethnicity (Detailed),Asian,Patient Education,1,1,100.
039,Jan 2026,Race/Ethnicity (Detailed),Asian,Patient Education,1,1,100.
039,Mar 2026,Race/Ethnicity (Detailed),Asian,Patient Education,1,1,100.
039,Feb 2026,Race/Ethnicity (Detailed),Black/African American,Patient Education,0,0,
039,Jan 2026,Race/Ethnicity (Detailed),Black/African American,Patient Education,0,0,
039,Mar 2026,Race/Ethnicity (Detailed),Black/African American,Patient Education,0,0,
039,Feb 2026,Race/Ethnicity (Detailed),Hispanic/Latino,Patient Education,0,0,
039,Jan 2026,Race/Ethnicity (Detailed),Hispanic/Latino,Patient Education,2,2,100.
039,Mar 2026,Race/Ethnicity (Detailed),Hispanic/Latino,Patient Education,0,0,
039,Feb 2026,Race/Ethnicity (Detailed),Other,Patient Education,1,1,100.
039,Feb 2026,Primary Language,Other,Patient Education,0,0,
039,Jan 2026,Primary Language,Other,Patient Education,0,0,
039,Jan 2026,Race/Ethnicity (Detailed),Other,Patient Education,0,0,
039,Mar 2026,Race/Ethnicity (Detailed),Other,Patient Education,0,0,
039,Mar 2026,Primary Language,Other,Patient Education,0,0,
039,Feb 2026,Insurance,Private,Patient Education,9,10,90.
039,Jan 2026,Insurance,Private,Patient Education,9,9,100.
039,Mar 2026,Insurance,Private,Patient Education,9,10,90.
039,Feb 2026,Insurance,Public,Patient Education,0,0,
039,Jan 2026,Insurance,Public,Patient Education,1,1,100.
039,Mar 2026,Insurance,Public,Patient Education,0,0,
039,Feb 2026,Race/Ethnicity (Detailed),Race Not Documented,Patient Education,0,0,
039,Jan 2026,Race/Ethnicity (Detailed),Race Not Documented,Patient Education,0,0,
039,Mar 2026,Race/Ethnicity (Detailed),Race Not Documented,Patient Education,0,0,
039,Feb 2026,Race/Ethnicity,White,Patient Education,7,8,87.5
039,Feb 2026,Race/Ethnicity (Detailed),White,Patient Education,7,8,87.5
039,Jan 2026,Race/Ethnicity (Detailed),White,Patient Education,7,7,100.
039,Jan 2026,Race/Ethnicity,White,Patient Education,8,8,100.
039,Mar 2026,Race/Ethnicity,White,Patient Education,8,9,88.89
039,Mar 2026,Race/Ethnicity (Detailed),White,Patient Education,8,9,88.89
040,Feb 2026,Race/Ethnicity (Detailed),Asian,Patient Education,0,0,
040,Jan 2026,Race/Ethnicity (Detailed),Asian,Patient Education,0,0,
040,Mar 2026,Race/Ethnicity (Detailed),Asian,Patient Education,0,0,
040,Feb 2026,Race/Ethnicity (Detailed),Black/African American,Patient Education,4,4,100.
040,Jan 2026,Race/Ethnicity (Detailed),Black/African American,Patient Education,2,2,100.
040,Mar 2026,Race/Ethnicity (Detailed),Black/African American,Patient Education,2,2,100.
040,Feb 2026,Race/Ethnicity (Detailed),Hispanic/Latino,Patient Education,0,0,
040,Jan 2026,Race/Ethnicity (Detailed),Hispanic/Latino,Patient Education,3,3,100.
040,Mar 2026,Race/Ethnicity (Detailed),Hispanic/Latino,Patient Education,0,0,
040,Feb 2026,Primary Language,Other,Patient Education,3,3,100.
040,Feb 2026,Race/Ethnicity (Detailed),Other,Patient Education,5,5,100.
040,Jan 2026,Race/Ethnicity (Detailed),Other,Patient Education,6,6,100.
040,Jan 2026,Primary Language,Other,Patient Education,5,5,100.
040,Mar 2026,Primary Language,Other,Patient Education,6,6,100.
040,Mar 2026,Race/Ethnicity (Detailed),Other,Patient Education,5,5,100.
040,Feb 2026,Insurance,Private,Patient Education,0,0,
040,Jan 2026,Insurance,Private,Patient Education,0,0,
040,Mar 2026,Insurance,Private,Patient Education,0,0,
040,Feb 2026,Insurance,Public,Patient Education,10,10,100.
040,Jan 2026,Insurance,Public,Patient Education,1,1,100.
040,Mar 2026,Insurance,Public,Patient Education,10,10,100.
040,Feb 2026,Race/Ethnicity (Detailed),Race Not Documented,Patient Education,0,0,
040,Jan 2026,Race/Ethnicity (Detailed),Race Not Documented,Patient Education,0,0,
040,Mar 2026,Race/Ethnicity (Detailed),Race Not Documented,Patient Education,1,1,100.
040,Feb 2026,Race/Ethnicity (Detailed),White,Patient Education,1,1,100.
040,Feb 2026,Race/Ethnicity,White,Patient Education,1,1,100.
040,Jan 2026,Race/Ethnicity,White,Patient Education,0,0,
040,Jan 2026,Race/Ethnicity (Detailed),White,Patient Education,0,0,
040,Mar 2026,Race/Ethnicity (Detailed),White,Patient Education,2,2,100.
040,Mar 2026,Race/Ethnicity,White,Patient Education,2,2,100.
041,Feb 2026,Race/Ethnicity (Detailed),Asian,Patient Education,0,0,
041,Jan 2026,Race/Ethnicity (Detailed),Asian,Patient Education,0,0,
041,Mar 2026,Race/Ethnicity (Detailed),Asian,Patient Education,0,0,
041,Feb 2026,Race/Ethnicity (Detailed),Black/African American,Patient Education,0,0,
041,Jan 2026,Race/Ethnicity (Detailed),Black/African American,Patient Education,0,0,
041,Mar 2026,Race/Ethnicity (Detailed),Black/African American,Patient Education,0,0,
041,Feb 2026,Race/Ethnicity (Detailed),Hispanic/Latino,Patient Education,0,0,
041,Jan 2026,Race/Ethnicity (Detailed),Hispanic/Latino,Patient Education,0,0,
041,Mar 2026,Race/Ethnicity (Detailed),Hispanic/Latino,Patient Education,0,0,
041,Feb 2026,Primary Language,Other,Patient Education,0,0,
041,Feb 2026,Race/Ethnicity (Detailed),Other,Patient Education,0,0,
041,Jan 2026,Race/Ethnicity (Detailed),Other,Patient Education,0,0,
041,Jan 2026,Primary Language,Other,Patient Education,0,0,
041,Mar 2026,Primary Language,Other,Patient Education,0,0,
041,Mar 2026,Race/Ethnicity (Detailed),Other,Patient Education,0,0,
041,Feb 2026,Insurance,Private,Patient Education,0,0,
041,Jan 2026,Insurance,Private,Patient Education,0,0,
041,Mar 2026,Insurance,Private,Patient Education,0,0,
041,Feb 2026,Insurance,Public,Patient Education,0,0,
041,Jan 2026,Insurance,Public,Patient Education,0,0,
041,Mar 2026,Insurance,Public,Patient Education,0,0,
041,Feb 2026,Race/Ethnicity (Detailed),Race Not Documented,Patient Education,0,0,
041,Jan 2026,Race/Ethnicity (Detailed),Race Not Documented,Patient Education,0,0,
041,Mar 2026,Race/Ethnicity (Detailed),Race Not Documented,Patient Education,0,0,
041,Feb 2026,Race/Ethnicity (Detailed),White,Patient Education,0,0,
041,Feb 2026,Race/Ethnicity,White,Patient Education,0,0,
041,Jan 2026,Race/Ethnicity,White,Patient Education,0,0,
041,Jan 2026,Race/Ethnicity (Detailed),White,Patient Education,0,0,
041,Mar 2026,Race/Ethnicity (Detailed),White,Patient Education,0,0,
041,Mar 2026,Race/Ethnicity,White,Patient Education,0,0,
042,Feb 2026,Race/Ethnicity (Detailed),Asian,Patient Education,0,0,
042,Jan 2026,Race/Ethnicity (Detailed),Asian,Patient Education,0,0,
042,Mar 2026,Race/Ethnicity (Detailed),Asian,Patient Education,0,0,
042,Feb 2026,Race/Ethnicity (Detailed),Black/African American,Patient Education,0,0,
042,Jan 2026,Race/Ethnicity (Detailed),Black/African American,Patient Education,2,2,100.
042,Mar 2026,Race/Ethnicity (Detailed),Black/African American,Patient Education,4,4,100.
042,Feb 2026,Race/Ethnicity (Detailed),Hispanic/Latino,Patient Education,4,4,100.
042,Jan 2026,Race/Ethnicity (Detailed),Hispanic/Latino,Patient Education,3,5,60.
042,Mar 2026,Race/Ethnicity (Detailed),Hispanic/Latino,Patient Education,3,3,100.
042,Feb 2026,Race/Ethnicity (Detailed),Other,Patient Education,0,0,
042,Feb 2026,Primary Language,Other,Patient Education,0,0,
042,Jan 2026,Race/Ethnicity (Detailed),Other,Patient Education,1,1,100.
042,Jan 2026,Primary Language,Other,Patient Education,0,2,0.
042,Mar 2026,Race/Ethnicity (Detailed),Other,Patient Education,0,0,
042,Mar 2026,Primary Language,Other,Patient Education,0,0,
042,Feb 2026,Insurance,Private,Patient Education,8,8,100.
042,Jan 2026,Insurance,Private,Patient Education,3,3,100.
042,Mar 2026,Insurance,Private,Patient Education,4,4,100.
042,Feb 2026,Insurance,Public,Patient Education,2,2,100.
042,Jan 2026,Insurance,Public,Patient Education,4,6,66.67
042,Mar 2026,Insurance,Public,Patient Education,6,6,100.
042,Feb 2026,Race/Ethnicity (Detailed),Race Not Documented,Patient Education,0,0,
042,Jan 2026,Race/Ethnicity (Detailed),Race Not Documented,Patient Education,0,0,
042,Mar 2026,Race/Ethnicity (Detailed),Race Not Documented,Patient Education,0,0,
042,Feb 2026,Race/Ethnicity (Detailed),White,Patient Education,6,6,100.
042,Feb 2026,Race/Ethnicity,White,Patient Education,6,6,100.
042,Jan 2026,Race/Ethnicity (Detailed),White,Patient Education,3,3,100.
042,Jan 2026,Race/Ethnicity,White,Patient Education,3,3,100.
042,Mar 2026,Race/Ethnicity (Detailed),White,Patient Education,3,3,100.
042,Mar 2026,Race/Ethnicity,White,Patient Education,3,3,100.
043,Feb 2026,Race/Ethnicity (Detailed),Asian,Patient Education,0,0,
043,Jan 2026,Race/Ethnicity (Detailed),Asian,Patient Education,0,0,
043,Mar 2026,Race/Ethnicity (Detailed),Asian,Patient Education,0,0,
043,Feb 2026,Race/Ethnicity (Detailed),Black/African American,Patient Education,0,0,
043,Jan 2026,Race/Ethnicity (Detailed),Black/African American,Patient Education,0,0,
043,Mar 2026,Race/Ethnicity (Detailed),Black/African American,Patient Education,0,0,
043,Feb 2026,Race/Ethnicity (Detailed),Hispanic/Latino,Patient Education,0,0,
043,Jan 2026,Race/Ethnicity (Detailed),Hispanic/Latino,Patient Education,0,0,
043,Mar 2026,Race/Ethnicity (Detailed),Hispanic/Latino,Patient Education,0,0,
043,Feb 2026,Primary Language,Other,Patient Education,0,0,
043,Feb 2026,Race/Ethnicity (Detailed),Other,Patient Education,0,0,
043,Jan 2026,Race/Ethnicity (Detailed),Other,Patient Education,0,0,
043,Jan 2026,Primary Language,Other,Patient Education,0,0,
043,Mar 2026,Primary Language,Other,Patient Education,0,0,
043,Mar 2026,Race/Ethnicity (Detailed),Other,Patient Education,0,0,
043,Feb 2026,Insurance,Private,Patient Education,0,0,
043,Jan 2026,Insurance,Private,Patient Education,0,0,
043,Mar 2026,Insurance,Private,Patient Education,0,0,
043,Feb 2026,Insurance,Public,Patient Education,0,0,
043,Jan 2026,Insurance,Public,Patient Education,0,0,
043,Mar 2026,Insurance,Public,Patient Education,0,0,
043,Feb 2026,Race/Ethnicity (Detailed),Race Not Documented,Patient Education,0,0,
043,Jan 2026,Race/Ethnicity (Detailed),Race Not Documented,Patient Education,0,0,
043,Mar 2026,Race/Ethnicity (Detailed),Race Not Documented,Patient Education,0,0,
043,Feb 2026,Race/Ethnicity (Detailed),White,Patient Education,0,0,
043,Feb 2026,Race/Ethnicity,White,Patient Education,0,0,
043,Jan 2026,Race/Ethnicity,White,Patient Education,0,0,
043,Jan 2026,Race/Ethnicity (Detailed),White,Patient Education,0,0,
043,Mar 2026,Race/Ethnicity (Detailed),White,Patient Education,0,0,
043,Mar 2026,Race/Ethnicity,White,Patient Education,0,0,
044,Feb 2026,Race/Ethnicity (Detailed),Asian,Patient Education,2,2,100.
044,Jan 2026,Race/Ethnicity (Detailed),Asian,Patient Education,0,0,
044,Mar 2026,Race/Ethnicity (Detailed),Asian,Patient Education,2,2,100.
044,Feb 2026,Race/Ethnicity (Detailed),Black/African American,Patient Education,0,0,
044,Jan 2026,Race/Ethnicity (Detailed),Black/African American,Patient Education,0,0,
044,Mar 2026,Race/Ethnicity (Detailed),Black/African American,Patient Education,2,2,100.
044,Feb 2026,Race/Ethnicity (Detailed),Hispanic/Latino,Patient Education,2,3,66.67
044,Jan 2026,Race/Ethnicity (Detailed),Hispanic/Latino,Patient Education,0,2,0.
044,Mar 2026,Race/Ethnicity (Detailed),Hispanic/Latino,Patient Education,1,1,100.
044,Feb 2026,Race/Ethnicity (Detailed),Other,Patient Education,2,3,66.67
044,Feb 2026,Primary Language,Other,Patient Education,0,0,
044,Jan 2026,Race/Ethnicity (Detailed),Other,Patient Education,0,2,0.
044,Jan 2026,Primary Language,Other,Patient Education,0,1,0.
044,Mar 2026,Race/Ethnicity (Detailed),Other,Patient Education,2,2,100.
044,Mar 2026,Primary Language,Other,Patient Education,1,1,100.
044,Feb 2026,Insurance,Private,Patient Education,6,9,66.67
044,Jan 2026,Insurance,Private,Patient Education,3,7,42.86
044,Mar 2026,Insurance,Private,Patient Education,7,9,77.78
044,Feb 2026,Insurance,Public,Patient Education,1,1,100.
044,Jan 2026,Insurance,Public,Patient Education,0,3,0.
044,Mar 2026,Insurance,Public,Patient Education,1,1,100.
044,Feb 2026,Race/Ethnicity (Detailed),Race Not Documented,Patient Education,0,0,
044,Jan 2026,Race/Ethnicity (Detailed),Race Not Documented,Patient Education,0,0,
044,Mar 2026,Race/Ethnicity (Detailed),Race Not Documented,Patient Education,0,0,
044,Feb 2026,Race/Ethnicity (Detailed),White,Patient Education,3,5,60.
044,Feb 2026,Race/Ethnicity,White,Patient Education,3,5,60.
044,Jan 2026,Race/Ethnicity (Detailed),White,Patient Education,3,7,42.86
044,Jan 2026,Race/Ethnicity,White,Patient Education,3,8,37.5
044,Mar 2026,Race/Ethnicity (Detailed),White,Patient Education,1,3,33.33
044,Mar 2026,Race/Ethnicity,White,Patient Education,2,4,50.
045,Feb 2026,Race/Ethnicity (Detailed),Asian,Patient Education,1,1,100.
045,Jan 2026,Race/Ethnicity (Detailed),Asian,Patient Education,0,0,
045,Mar 2026,Race/Ethnicity (Detailed),Asian,Patient Education,1,1,100.
045,Feb 2026,Race/Ethnicity (Detailed),Black/African American,Patient Education,6,6,100.
045,Jan 2026,Race/Ethnicity (Detailed),Black/African American,Patient Education,5,5,100.
045,Mar 2026,Race/Ethnicity (Detailed),Black/African American,Patient Education,5,5,100.
045,Feb 2026,Race/Ethnicity (Detailed),Hispanic/Latino,Patient Education,3,3,100.
045,Jan 2026,Race/Ethnicity (Detailed),Hispanic/Latino,Patient Education,4,4,100.
045,Mar 2026,Race/Ethnicity (Detailed),Hispanic/Latino,Patient Education,3,3,100.
045,Feb 2026,Primary Language,Other,Patient Education,2,2,100.
045,Feb 2026,Race/Ethnicity (Detailed),Other,Patient Education,0,0,
045,Jan 2026,Race/Ethnicity (Detailed),Other,Patient Education,0,0,
045,Jan 2026,Primary Language,Other,Patient Education,2,2,100.
045,Mar 2026,Primary Language,Other,Patient Education,3,3,100.
045,Mar 2026,Race/Ethnicity (Detailed),Other,Patient Education,0,0,
045,Feb 2026,Insurance,Private,Patient Education,3,3,100.
045,Jan 2026,Insurance,Private,Patient Education,2,2,100.
045,Mar 2026,Insurance,Private,Patient Education,2,2,100.
045,Feb 2026,Insurance,Public,Patient Education,7,7,100.
045,Jan 2026,Insurance,Public,Patient Education,8,8,100.
045,Mar 2026,Insurance,Public,Patient Education,8,8,100.
045,Feb 2026,Race/Ethnicity (Detailed),Race Not Documented,Patient Education,0,0,
045,Jan 2026,Race/Ethnicity (Detailed),Race Not Documented,Patient Education,0,0,
045,Mar 2026,Race/Ethnicity (Detailed),Race Not Documented,Patient Education,0,0,
045,Feb 2026,Race/Ethnicity (Detailed),White,Patient Education,0,0,
045,Feb 2026,Race/Ethnicity,White,Patient Education,0,0,
045,Jan 2026,Race/Ethnicity,White,Patient Education,1,1,100.
045,Jan 2026,Race/Ethnicity (Detailed),White,Patient Education,1,1,100.
045,Mar 2026,Race/Ethnicity (Detailed),White,Patient Education,1,1,100.
045,Mar 2026,Race/Ethnicity,White,Patient Education,1,1,100.
046,Feb 2026,Race/Ethnicity (Detailed),Asian,Patient Education,0,0,
046,Jan 2026,Race/Ethnicity (Detailed),Asian,Patient Education,0,0,
046,Mar 2026,Race/Ethnicity (Detailed),Asian,Patient Education,0,0,
046,Feb 2026,Race/Ethnicity (Detailed),Black/African American,Patient Education,4,4,100.
046,Jan 2026,Race/Ethnicity (Detailed),Black/African American,Patient Education,1,1,100.
046,Mar 2026,Race/Ethnicity (Detailed),Black/African American,Patient Education,0,2,0.
046,Feb 2026,Race/Ethnicity (Detailed),Hispanic/Latino,Patient Education,4,4,100.
046,Jan 2026,Race/Ethnicity (Detailed),Hispanic/Latino,Patient Education,2,8,25.
046,Mar 2026,Race/Ethnicity (Detailed),Hispanic/Latino,Patient Education,0,7,0.
046,Feb 2026,Primary Language,Other,Patient Education,3,3,100.
046,Feb 2026,Race/Ethnicity (Detailed),Other,Patient Education,0,0,
046,Jan 2026,Race/Ethnicity (Detailed),Other,Patient Education,1,4,25.
046,Jan 2026,Primary Language,Other,Patient Education,0,1,0.
046,Mar 2026,Race/Ethnicity (Detailed),Other,Patient Education,0,0,
046,Mar 2026,Primary Language,Other,Patient Education,0,0,
046,Feb 2026,Insurance,Private,Patient Education,0,0,
046,Jan 2026,Insurance,Private,Patient Education,2,3,66.67
046,Mar 2026,Insurance,Private,Patient Education,0,5,0.
046,Feb 2026,Insurance,Public,Patient Education,6,6,100.
046,Jan 2026,Insurance,Public,Patient Education,1,7,14.29
046,Mar 2026,Insurance,Public,Patient Education,0,6,0.
046,Feb 2026,Race/Ethnicity (Detailed),Race Not Documented,Patient Education,0,0,
046,Jan 2026,Race/Ethnicity (Detailed),Race Not Documented,Patient Education,0,0,
046,Mar 2026,Race/Ethnicity (Detailed),Race Not Documented,Patient Education,0,0,
046,Feb 2026,Race/Ethnicity (Detailed),White,Patient Education,2,2,100.
046,Feb 2026,Race/Ethnicity,White,Patient Education,2,2,100.
046,Jan 2026,Race/Ethnicity,White,Patient Education,2,6,33.33
046,Jan 2026,Race/Ethnicity (Detailed),White,Patient Education,0,1,0.
046,Mar 2026,Race/Ethnicity (Detailed),White,Patient Education,0,2,0.
046,Mar 2026,Race/Ethnicity,White,Patient Education,0,2,0.
047,Feb 2026,Race/Ethnicity (Detailed),Asian,Patient Education,0,0,
047,Jan 2026,Race/Ethnicity (Detailed),Asian,Patient Education,0,0,
047,Mar 2026,Race/Ethnicity (Detailed),Asian,Patient Education,0,0,
047,Feb 2026,Race/Ethnicity (Detailed),Black/African American,Patient Education,0,0,
047,Jan 2026,Race/Ethnicity (Detailed),Black/African American,Patient Education,0,0,
047,Mar 2026,Race/Ethnicity (Detailed),Black/African American,Patient Education,0,0,
047,Feb 2026,Race/Ethnicity (Detailed),Hispanic/Latino,Patient Education,0,0,
047,Jan 2026,Race/Ethnicity (Detailed),Hispanic/Latino,Patient Education,0,0,
047,Mar 2026,Race/Ethnicity (Detailed),Hispanic/Latino,Patient Education,0,0,
047,Feb 2026,Race/Ethnicity (Detailed),Other,Patient Education,0,0,
047,Feb 2026,Primary Language,Other,Patient Education,0,0,
047,Jan 2026,Primary Language,Other,Patient Education,0,0,
047,Jan 2026,Race/Ethnicity (Detailed),Other,Patient Education,0,0,
047,Mar 2026,Race/Ethnicity (Detailed),Other,Patient Education,0,0,
047,Mar 2026,Primary Language,Other,Patient Education,0,0,
047,Feb 2026,Insurance,Private,Patient Education,0,0,
047,Jan 2026,Insurance,Private,Patient Education,0,0,
047,Mar 2026,Insurance,Private,Patient Education,0,0,
047,Feb 2026,Insurance,Public,Patient Education,0,0,
047,Jan 2026,Insurance,Public,Patient Education,0,0,
047,Mar 2026,Insurance,Public,Patient Education,0,0,
047,Feb 2026,Race/Ethnicity (Detailed),Race Not Documented,Patient Education,0,0,
047,Jan 2026,Race/Ethnicity (Detailed),Race Not Documented,Patient Education,0,0,
047,Mar 2026,Race/Ethnicity (Detailed),Race Not Documented,Patient Education,0,0,
047,Feb 2026,Race/Ethnicity,White,Patient Education,0,0,
047,Feb 2026,Race/Ethnicity (Detailed),White,Patient Education,0,0,
047,Jan 2026,Race/Ethnicity (Detailed),White,Patient Education,0,0,
047,Jan 2026,Race/Ethnicity,White,Patient Education,0,0,
047,Mar 2026,Race/Ethnicity,White,Patient Education,0,0,
047,Mar 2026,Race/Ethnicity (Detailed),White,Patient Education,0,0,
048,Feb 2026,Race/Ethnicity (Detailed),Asian,Patient Education,0,0,
048,Jan 2026,Race/Ethnicity (Detailed),Asian,Patient Education,0,0,
048,Mar 2026,Race/Ethnicity (Detailed),Asian,Patient Education,0,0,
048,Feb 2026,Race/Ethnicity (Detailed),Black/African American,Patient Education,1,1,100.
048,Jan 2026,Race/Ethnicity (Detailed),Black/African American,Patient Education,1,1,100.
048,Mar 2026,Race/Ethnicity (Detailed),Black/African American,Patient Education,2,2,100.
048,Feb 2026,Race/Ethnicity (Detailed),Hispanic/Latino,Patient Education,3,3,100.
048,Jan 2026,Race/Ethnicity (Detailed),Hispanic/Latino,Patient Education,0,0,
048,Mar 2026,Race/Ethnicity (Detailed),Hispanic/Latino,Patient Education,0,0,
048,Feb 2026,Race/Ethnicity (Detailed),Other,Patient Education,0,0,
048,Feb 2026,Primary Language,Other,Patient Education,1,1,100.
048,Jan 2026,Primary Language,Other,Patient Education,1,1,100.
048,Jan 2026,Race/Ethnicity (Detailed),Other,Patient Education,0,0,
048,Mar 2026,Race/Ethnicity (Detailed),Other,Patient Education,0,0,
048,Mar 2026,Primary Language,Other,Patient Education,1,1,100.
048,Feb 2026,Insurance,Private,Patient Education,7,8,87.5
048,Jan 2026,Insurance,Private,Patient Education,5,7,71.43
048,Mar 2026,Insurance,Private,Patient Education,7,7,100.
048,Feb 2026,Insurance,Public,Patient Education,2,2,100.
048,Jan 2026,Insurance,Public,Patient Education,3,3,100.
048,Mar 2026,Insurance,Public,Patient Education,3,3,100.
048,Feb 2026,Race/Ethnicity (Detailed),Race Not Documented,Patient Education,0,0,
048,Jan 2026,Race/Ethnicity (Detailed),Race Not Documented,Patient Education,0,0,
048,Mar 2026,Race/Ethnicity (Detailed),Race Not Documented,Patient Education,0,0,
048,Feb 2026,Race/Ethnicity,White,Patient Education,5,6,83.33
048,Feb 2026,Race/Ethnicity (Detailed),White,Patient Education,5,6,83.33
048,Jan 2026,Race/Ethnicity (Detailed),White,Patient Education,7,9,77.78
048,Jan 2026,Race/Ethnicity,White,Patient Education,7,9,77.78
048,Mar 2026,Race/Ethnicity,White,Patient Education,8,8,100.
048,Mar 2026,Race/Ethnicity (Detailed),White,Patient Education,8,8,100.
049,Feb 2026,Race/Ethnicity (Detailed),Asian,Patient Education,0,0,
049,Jan 2026,Race/Ethnicity (Detailed),Asian,Patient Education,0,0,
049,Mar 2026,Race/Ethnicity (Detailed),Asian,Patient Education,0,0,
049,Feb 2026,Race/Ethnicity (Detailed),Black/African American,Patient Education,0,0,
049,Jan 2026,Race/Ethnicity (Detailed),Black/African American,Patient Education,0,0,
049,Mar 2026,Race/Ethnicity (Detailed),Black/African American,Patient Education,0,0,
049,Feb 2026,Race/Ethnicity (Detailed),Hispanic/Latino,Patient Education,0,0,
049,Jan 2026,Race/Ethnicity (Detailed),Hispanic/Latino,Patient Education,0,0,
049,Mar 2026,Race/Ethnicity (Detailed),Hispanic/Latino,Patient Education,0,0,
049,Feb 2026,Primary Language,Other,Patient Education,0,0,
049,Feb 2026,Race/Ethnicity (Detailed),Other,Patient Education,0,0,
049,Jan 2026,Race/Ethnicity (Detailed),Other,Patient Education,0,0,
049,Jan 2026,Primary Language,Other,Patient Education,0,0,
049,Mar 2026,Primary Language,Other,Patient Education,0,0,
049,Mar 2026,Race/Ethnicity (Detailed),Other,Patient Education,0,0,
049,Feb 2026,Insurance,Private,Patient Education,0,0,
049,Jan 2026,Insurance,Private,Patient Education,0,0,
049,Mar 2026,Insurance,Private,Patient Education,0,0,
049,Feb 2026,Insurance,Public,Patient Education,0,0,
049,Jan 2026,Insurance,Public,Patient Education,0,0,
049,Mar 2026,Insurance,Public,Patient Education,0,0,
049,Feb 2026,Race/Ethnicity (Detailed),Race Not Documented,Patient Education,0,0,
049,Jan 2026,Race/Ethnicity (Detailed),Race Not Documented,Patient Education,0,0,
049,Mar 2026,Race/Ethnicity (Detailed),Race Not Documented,Patient Education,0,0,
049,Feb 2026,Race/Ethnicity (Detailed),White,Patient Education,0,0,
049,Feb 2026,Race/Ethnicity,White,Patient Education,0,0,
049,Jan 2026,Race/Ethnicity,White,Patient Education,0,0,
049,Jan 2026,Race/Ethnicity (Detailed),White,Patient Education,0,0,
049,Mar 2026,Race/Ethnicity (Detailed),White,Patient Education,0,0,
049,Mar 2026,Race/Ethnicity,White,Patient Education,0,0,
050,Feb 2026,Race/Ethnicity (Detailed),Asian,Patient Education,0,0,
050,Jan 2026,Race/Ethnicity (Detailed),Asian,Patient Education,0,0,
050,Mar 2026,Race/Ethnicity (Detailed),Asian,Patient Education,0,0,
050,Feb 2026,Race/Ethnicity (Detailed),Black/African American,Patient Education,0,0,
050,Jan 2026,Race/Ethnicity (Detailed),Black/African American,Patient Education,0,0,
050,Mar 2026,Race/Ethnicity (Detailed),Black/African American,Patient Education,0,0,
050,Feb 2026,Race/Ethnicity (Detailed),Hispanic/Latino,Patient Education,0,0,
050,Jan 2026,Race/Ethnicity (Detailed),Hispanic/Latino,Patient Education,0,0,
050,Mar 2026,Race/Ethnicity (Detailed),Hispanic/Latino,Patient Education,0,0,
050,Feb 2026,Primary Language,Other,Patient Education,0,0,
050,Feb 2026,Race/Ethnicity (Detailed),Other,Patient Education,0,0,
050,Jan 2026,Race/Ethnicity (Detailed),Other,Patient Education,0,0,
050,Jan 2026,Primary Language,Other,Patient Education,0,0,
050,Mar 2026,Primary Language,Other,Patient Education,0,0,
050,Mar 2026,Race/Ethnicity (Detailed),Other,Patient Education,0,0,
050,Feb 2026,Insurance,Private,Patient Education,0,0,
050,Jan 2026,Insurance,Private,Patient Education,0,0,
050,Mar 2026,Insurance,Private,Patient Education,0,0,
050,Feb 2026,Insurance,Public,Patient Education,0,0,
050,Jan 2026,Insurance,Public,Patient Education,0,0,
050,Mar 2026,Insurance,Public,Patient Education,0,0,
050,Feb 2026,Race/Ethnicity (Detailed),Race Not Documented,Patient Education,0,0,
050,Jan 2026,Race/Ethnicity (Detailed),Race Not Documented,Patient Education,0,0,
050,Mar 2026,Race/Ethnicity (Detailed),Race Not Documented,Patient Education,0,0,
050,Feb 2026,Race/Ethnicity (Detailed),White,Patient Education,0,0,
050,Feb 2026,Race/Ethnicity,White,Patient Education,0,0,
050,Jan 2026,Race/Ethnicity,White,Patient Education,0,0,
050,Jan 2026,Race/Ethnicity (Detailed),White,Patient Education,0,0,
050,Mar 2026,Race/Ethnicity (Detailed),White,Patient Education,0,0,
050,Mar 2026,Race/Ethnicity,White,Patient Education,0,0,
051,Feb 2026,Race/Ethnicity (Detailed),Asian,Patient Education,1,3,33.33
051,Jan 2026,Race/Ethnicity (Detailed),Asian,Patient Education,1,6,16.67
051,Mar 2026,Race/Ethnicity (Detailed),Asian,Patient Education,4,6,66.67
051,Feb 2026,Race/Ethnicity (Detailed),Black/African American,Patient Education,0,0,
051,Jan 2026,Race/Ethnicity (Detailed),Black/African American,Patient Education,0,0,
051,Mar 2026,Race/Ethnicity (Detailed),Black/African American,Patient Education,0,0,
051,Feb 2026,Race/Ethnicity (Detailed),Hispanic/Latino,Patient Education,3,4,75.
051,Jan 2026,Race/Ethnicity (Detailed),Hispanic/Latino,Patient Education,0,2,0.
051,Mar 2026,Race/Ethnicity (Detailed),Hispanic/Latino,Patient Education,0,2,0.
051,Feb 2026,Race/Ethnicity (Detailed),Other,Patient Education,0,0,
051,Feb 2026,Primary Language,Other,Patient Education,1,2,50.
051,Jan 2026,Primary Language,Other,Patient Education,2,4,50.
051,Jan 2026,Race/Ethnicity (Detailed),Other,Patient Education,0,0,
051,Mar 2026,Race/Ethnicity (Detailed),Other,Patient Education,0,0,
051,Mar 2026,Primary Language,Other,Patient Education,3,4,75.
051,Feb 2026,Insurance,Private,Patient Education,0,3,0.
051,Jan 2026,Insurance,Private,Patient Education,0,2,0.
051,Mar 2026,Insurance,Private,Patient Education,1,3,33.33
051,Feb 2026,Insurance,Public,Patient Education,5,7,71.43
051,Jan 2026,Insurance,Public,Patient Education,2,8,25.
051,Mar 2026,Insurance,Public,Patient Education,4,7,57.14
051,Feb 2026,Race/Ethnicity (Detailed),Race Not Documented,Patient Education,0,0,
051,Jan 2026,Race/Ethnicity (Detailed),Race Not Documented,Patient Education,0,0,
051,Mar 2026,Race/Ethnicity (Detailed),Race Not Documented,Patient Education,0,0,
051,Feb 2026,Race/Ethnicity,White,Patient Education,4,7,57.14
051,Feb 2026,Race/Ethnicity (Detailed),White,Patient Education,1,3,33.33
051,Jan 2026,Race/Ethnicity (Detailed),White,Patient Education,1,2,50.
051,Jan 2026,Race/Ethnicity,White,Patient Education,1,4,25.
051,Mar 2026,Race/Ethnicity,White,Patient Education,1,4,25.
051,Mar 2026,Race/Ethnicity (Detailed),White,Patient Education,1,2,50.
052,Feb 2026,Race/Ethnicity (Detailed),Asian,Patient Education,0,0,
052,Jan 2026,Race/Ethnicity (Detailed),Asian,Patient Education,0,0,
052,Mar 2026,Race/Ethnicity (Detailed),Asian,Patient Education,0,0,
052,Feb 2026,Race/Ethnicity (Detailed),Black/African American,Patient Education,0,0,
052,Jan 2026,Race/Ethnicity (Detailed),Black/African American,Patient Education,0,0,
052,Mar 2026,Race/Ethnicity (Detailed),Black/African American,Patient Education,0,0,
052,Feb 2026,Race/Ethnicity (Detailed),Hispanic/Latino,Patient Education,0,0,
052,Jan 2026,Race/Ethnicity (Detailed),Hispanic/Latino,Patient Education,0,0,
052,Mar 2026,Race/Ethnicity (Detailed),Hispanic/Latino,Patient Education,0,0,
052,Feb 2026,Race/Ethnicity (Detailed),Other,Patient Education,0,0,
052,Feb 2026,Primary Language,Other,Patient Education,0,0,
052,Jan 2026,Race/Ethnicity (Detailed),Other,Patient Education,0,0,
052,Jan 2026,Primary Language,Other,Patient Education,0,0,
052,Mar 2026,Race/Ethnicity (Detailed),Other,Patient Education,0,0,
052,Mar 2026,Primary Language,Other,Patient Education,0,0,
052,Feb 2026,Insurance,Private,Patient Education,0,0,
052,Jan 2026,Insurance,Private,Patient Education,0,0,
052,Mar 2026,Insurance,Private,Patient Education,0,0,
052,Feb 2026,Insurance,Public,Patient Education,0,0,
052,Jan 2026,Insurance,Public,Patient Education,0,0,
052,Mar 2026,Insurance,Public,Patient Education,0,0,
052,Feb 2026,Race/Ethnicity (Detailed),Race Not Documented,Patient Education,0,0,
052,Jan 2026,Race/Ethnicity (Detailed),Race Not Documented,Patient Education,0,0,
052,Mar 2026,Race/Ethnicity (Detailed),Race Not Documented,Patient Education,0,0,
052,Feb 2026,Race/Ethnicity (Detailed),White,Patient Education,0,0,
052,Feb 2026,Race/Ethnicity,White,Patient Education,0,0,
052,Jan 2026,Race/Ethnicity (Detailed),White,Patient Education,0,0,
052,Jan 2026,Race/Ethnicity,White,Patient Education,0,0,
052,Mar 2026,Race/Ethnicity (Detailed),White,Patient Education,0,0,
052,Mar 2026,Race/Ethnicity,White,Patient Education,0,0,
053,Feb 2026,Race/Ethnicity (Detailed),Asian,Patient Education,2,2,100.
053,Jan 2026,Race/Ethnicity (Detailed),Asian,Patient Education,2,2,100.
053,Mar 2026,Race/Ethnicity (Detailed),Asian,Patient Education,1,1,100.
053,Feb 2026,Race/Ethnicity (Detailed),Black/African American,Patient Education,0,0,
053,Jan 2026,Race/Ethnicity (Detailed),Black/African American,Patient Education,0,0,
053,Mar 2026,Race/Ethnicity (Detailed),Black/African American,Patient Education,0,0,
053,Feb 2026,Race/Ethnicity (Detailed),Hispanic/Latino,Patient Education,6,6,100.
053,Jan 2026,Race/Ethnicity (Detailed),Hispanic/Latino,Patient Education,4,4,100.
053,Mar 2026,Race/Ethnicity (Detailed),Hispanic/Latino,Patient Education,5,5,100.
053,Feb 2026,Primary Language,Other,Patient Education,0,0,
053,Feb 2026,Race/Ethnicity (Detailed),Other,Patient Education,0,0,
053,Jan 2026,Race/Ethnicity (Detailed),Other,Patient Education,1,1,100.
053,Jan 2026,Primary Language,Other,Patient Education,1,1,100.
053,Mar 2026,Primary Language,Other,Patient Education,1,1,100.
053,Mar 2026,Race/Ethnicity (Detailed),Other,Patient Education,0,0,
053,Feb 2026,Insurance,Private,Patient Education,8,8,100.
053,Jan 2026,Insurance,Private,Patient Education,5,5,100.
053,Mar 2026,Insurance,Private,Patient Education,5,5,100.
053,Feb 2026,Insurance,Public,Patient Education,2,2,100.
053,Jan 2026,Insurance,Public,Patient Education,5,5,100.
053,Mar 2026,Insurance,Public,Patient Education,6,6,100.
053,Feb 2026,Race/Ethnicity (Detailed),Race Not Documented,Patient Education,0,0,
053,Jan 2026,Race/Ethnicity (Detailed),Race Not Documented,Patient Education,0,0,
053,Mar 2026,Race/Ethnicity (Detailed),Race Not Documented,Patient Education,0,0,
053,Feb 2026,Race/Ethnicity (Detailed),White,Patient Education,2,2,100.
053,Feb 2026,Race/Ethnicity,White,Patient Education,8,8,100.
053,Jan 2026,Race/Ethnicity,White,Patient Education,9,9,100.
053,Jan 2026,Race/Ethnicity (Detailed),White,Patient Education,5,5,100.
053,Mar 2026,Race/Ethnicity (Detailed),White,Patient Education,4,4,100.
053,Mar 2026,Race/Ethnicity,White,Patient Education,9,9,100.
054,Feb 2026,Race/Ethnicity (Detailed),Asian,Patient Education,0,0,
054,Jan 2026,Race/Ethnicity (Detailed),Asian,Patient Education,0,0,
054,Mar 2026,Race/Ethnicity (Detailed),Asian,Patient Education,0,0,
054,Feb 2026,Race/Ethnicity (Detailed),Black/African American,Patient Education,0,0,
054,Jan 2026,Race/Ethnicity (Detailed),Black/African American,Patient Education,0,0,
054,Mar 2026,Race/Ethnicity (Detailed),Black/African American,Patient Education,0,0,
054,Feb 2026,Race/Ethnicity (Detailed),Hispanic/Latino,Patient Education,0,1,0.
054,Jan 2026,Race/Ethnicity (Detailed),Hispanic/Latino,Patient Education,0,0,
054,Mar 2026,Race/Ethnicity (Detailed),Hispanic/Latino,Patient Education,0,0,
054,Feb 2026,Primary Language,Other,Patient Education,0,1,0.
054,Feb 2026,Race/Ethnicity (Detailed),Other,Patient Education,0,0,
054,Jan 2026,Race/Ethnicity (Detailed),Other,Patient Education,0,0,
054,Jan 2026,Primary Language,Other,Patient Education,0,0,
054,Mar 2026,Primary Language,Other,Patient Education,0,0,
054,Mar 2026,Race/Ethnicity (Detailed),Other,Patient Education,0,0,
054,Feb 2026,Insurance,Private,Patient Education,0,4,0.
054,Jan 2026,Insurance,Private,Patient Education,0,0,
054,Mar 2026,Insurance,Private,Patient Education,4,4,100.
054,Feb 2026,Insurance,Public,Patient Education,0,6,0.
054,Jan 2026,Insurance,Public,Patient Education,0,0,
054,Mar 2026,Insurance,Public,Patient Education,6,6,100.
054,Feb 2026,Race/Ethnicity (Detailed),Race Not Documented,Patient Education,0,0,
054,Jan 2026,Race/Ethnicity (Detailed),Race Not Documented,Patient Education,0,0,
054,Mar 2026,Race/Ethnicity (Detailed),Race Not Documented,Patient Education,0,0,
054,Feb 2026,Race/Ethnicity (Detailed),White,Patient Education,0,9,0.
054,Feb 2026,Race/Ethnicity,White,Patient Education,0,9,0.
054,Jan 2026,Race/Ethnicity,White,Patient Education,0,0,
054,Jan 2026,Race/Ethnicity (Detailed),White,Patient Education,0,0,
054,Mar 2026,Race/Ethnicity (Detailed),White,Patient Education,0,0,
054,Mar 2026,Race/Ethnicity,White,Patient Education,10,10,100.
055,Feb 2026,Race/Ethnicity (Detailed),Asian,Patient Education,0,0,
055,Jan 2026,Race/Ethnicity (Detailed),Asian,Patient Education,1,1,100.
055,Mar 2026,Race/Ethnicity (Detailed),Asian,Patient Education,0,0,
055,Feb 2026,Race/Ethnicity (Detailed),Black/African American,Patient Education,3,3,100.
055,Jan 2026,Race/Ethnicity (Detailed),Black/African American,Patient Education,2,2,100.
055,Mar 2026,Race/Ethnicity (Detailed),Black/African American,Patient Education,2,2,100.
055,Feb 2026,Race/Ethnicity (Detailed),Hispanic/Latino,Patient Education,0,0,
055,Jan 2026,Race/Ethnicity (Detailed),Hispanic/Latino,Patient Education,0,0,
055,Mar 2026,Race/Ethnicity (Detailed),Hispanic/Latino,Patient Education,0,0,
055,Feb 2026,Race/Ethnicity (Detailed),Other,Patient Education,0,0,
055,Feb 2026,Primary Language,Other,Patient Education,0,0,
055,Jan 2026,Primary Language,Other,Patient Education,0,0,
055,Jan 2026,Race/Ethnicity (Detailed),Other,Patient Education,0,0,
055,Mar 2026,Race/Ethnicity (Detailed),Other,Patient Education,0,0,
055,Mar 2026,Primary Language,Other,Patient Education,0,0,
055,Feb 2026,Insurance,Private,Patient Education,2,2,100.
055,Jan 2026,Insurance,Private,Patient Education,4,4,100.
055,Mar 2026,Insurance,Private,Patient Education,5,5,100.
055,Feb 2026,Insurance,Public,Patient Education,8,8,100.
055,Jan 2026,Insurance,Public,Patient Education,6,6,100.
055,Mar 2026,Insurance,Public,Patient Education,5,5,100.
055,Feb 2026,Race/Ethnicity (Detailed),Race Not Documented,Patient Education,0,0,
055,Jan 2026,Race/Ethnicity (Detailed),Race Not Documented,Patient Education,0,0,
055,Mar 2026,Race/Ethnicity (Detailed),Race Not Documented,Patient Education,0,0,
055,Feb 2026,Race/Ethnicity,White,Patient Education,7,7,100.
055,Feb 2026,Race/Ethnicity (Detailed),White,Patient Education,7,7,100.
055,Jan 2026,Race/Ethnicity (Detailed),White,Patient Education,7,7,100.
055,Jan 2026,Race/Ethnicity,White,Patient Education,7,7,100.
055,Mar 2026,Race/Ethnicity,White,Patient Education,8,8,100.
055,Mar 2026,Race/Ethnicity (Detailed),White,Patient Education,8,8,100.
056,Feb 2026,Race/Ethnicity (Detailed),Asian,Patient Education,0,0,
056,Jan 2026,Race/Ethnicity (Detailed),Asian,Patient Education,0,0,
056,Mar 2026,Race/Ethnicity (Detailed),Asian,Patient Education,1,1,100.
056,Feb 2026,Race/Ethnicity (Detailed),Black/African American,Patient Education,1,1,100.
056,Jan 2026,Race/Ethnicity (Detailed),Black/African American,Patient Education,0,0,
056,Mar 2026,Race/Ethnicity (Detailed),Black/African American,Patient Education,1,1,100.
056,Feb 2026,Race/Ethnicity (Detailed),Hispanic/Latino,Patient Education,3,3,100.
056,Jan 2026,Race/Ethnicity (Detailed),Hispanic/Latino,Patient Education,4,4,100.
056,Mar 2026,Race/Ethnicity (Detailed),Hispanic/Latino,Patient Education,4,4,100.
056,Feb 2026,Race/Ethnicity (Detailed),Other,Patient Education,0,0,
056,Feb 2026,Primary Language,Other,Patient Education,0,0,
056,Jan 2026,Primary Language,Other,Patient Education,0,0,
056,Jan 2026,Race/Ethnicity (Detailed),Other,Patient Education,1,1,100.
056,Mar 2026,Race/Ethnicity (Detailed),Other,Patient Education,0,0,
056,Mar 2026,Primary Language,Other,Patient Education,0,0,
056,Feb 2026,Insurance,Private,Patient Education,7,7,100.
056,Jan 2026,Insurance,Private,Patient Education,8,8,100.
056,Mar 2026,Insurance,Private,Patient Education,8,8,100.
056,Feb 2026,Insurance,Public,Patient Education,3,3,100.
056,Jan 2026,Insurance,Public,Patient Education,2,2,100.
056,Mar 2026,Insurance,Public,Patient Education,2,2,100.
056,Feb 2026,Race/Ethnicity (Detailed),Race Not Documented,Patient Education,0,0,
056,Jan 2026,Race/Ethnicity (Detailed),Race Not Documented,Patient Education,0,0,
056,Mar 2026,Race/Ethnicity (Detailed),Race Not Documented,Patient Education,0,0,
056,Feb 2026,Race/Ethnicity,White,Patient Education,6,6,100.
056,Feb 2026,Race/Ethnicity (Detailed),White,Patient Education,6,6,100.
056,Jan 2026,Race/Ethnicity (Detailed),White,Patient Education,5,5,100.
056,Jan 2026,Race/Ethnicity,White,Patient Education,5,5,100.
056,Mar 2026,Race/Ethnicity,White,Patient Education,4,4,100.
056,Mar 2026,Race/Ethnicity (Detailed),White,Patient Education,4,4,100.
057,Feb 2026,Race/Ethnicity (Detailed),Asian,Patient Education,0,0,
057,Jan 2026,Race/Ethnicity (Detailed),Asian,Patient Education,0,0,
057,Mar 2026,Race/Ethnicity (Detailed),Asian,Patient Education,0,0,
057,Feb 2026,Race/Ethnicity (Detailed),Black/African American,Patient Education,0,0,
057,Jan 2026,Race/Ethnicity (Detailed),Black/African American,Patient Education,0,0,
057,Mar 2026,Race/Ethnicity (Detailed),Black/African American,Patient Education,0,0,
057,Feb 2026,Race/Ethnicity (Detailed),Hispanic/Latino,Patient Education,0,0,
057,Jan 2026,Race/Ethnicity (Detailed),Hispanic/Latino,Patient Education,0,0,
057,Mar 2026,Race/Ethnicity (Detailed),Hispanic/Latino,Patient Education,0,0,
057,Feb 2026,Primary Language,Other,Patient Education,0,0,
057,Feb 2026,Race/Ethnicity (Detailed),Other,Patient Education,0,0,
057,Jan 2026,Race/Ethnicity (Detailed),Other,Patient Education,0,0,
057,Jan 2026,Primary Language,Other,Patient Education,0,0,
057,Mar 2026,Primary Language,Other,Patient Education,0,0,
057,Mar 2026,Race/Ethnicity (Detailed),Other,Patient Education,0,0,
057,Feb 2026,Insurance,Private,Patient Education,0,0,
057,Jan 2026,Insurance,Private,Patient Education,0,0,
057,Mar 2026,Insurance,Private,Patient Education,0,0,
057,Feb 2026,Insurance,Public,Patient Education,0,0,
057,Jan 2026,Insurance,Public,Patient Education,0,0,
057,Mar 2026,Insurance,Public,Patient Education,0,0,
057,Feb 2026,Race/Ethnicity (Detailed),Race Not Documented,Patient Education,0,0,
057,Jan 2026,Race/Ethnicity (Detailed),Race Not Documented,Patient Education,0,0,
057,Mar 2026,Race/Ethnicity (Detailed),Race Not Documented,Patient Education,0,0,
057,Feb 2026,Race/Ethnicity (Detailed),White,Patient Education,0,0,
057,Feb 2026,Race/Ethnicity,White,Patient Education,0,0,
057,Jan 2026,Race/Ethnicity,White,Patient Education,0,0,
057,Jan 2026,Race/Ethnicity (Detailed),White,Patient Education,0,0,
057,Mar 2026,Race/Ethnicity (Detailed),White,Patient Education,0,0,
057,Mar 2026,Race/Ethnicity,White,Patient Education,0,0,
058,Feb 2026,Race/Ethnicity (Detailed),Asian,Patient Education,1,1,100.
058,Jan 2026,Race/Ethnicity (Detailed),Asian,Patient Education,0,0,
058,Mar 2026,Race/Ethnicity (Detailed),Asian,Patient Education,0,0,
058,Feb 2026,Race/Ethnicity (Detailed),Black/African American,Patient Education,1,1,100.
058,Jan 2026,Race/Ethnicity (Detailed),Black/African American,Patient Education,4,4,100.
058,Mar 2026,Race/Ethnicity (Detailed),Black/African American,Patient Education,0,0,
058,Feb 2026,Race/Ethnicity (Detailed),Hispanic/Latino,Patient Education,0,0,
058,Jan 2026,Race/Ethnicity (Detailed),Hispanic/Latino,Patient Education,0,0,
058,Mar 2026,Race/Ethnicity (Detailed),Hispanic/Latino,Patient Education,4,4,100.
058,Feb 2026,Primary Language,Other,Patient Education,1,1,100.
058,Feb 2026,Race/Ethnicity (Detailed),Other,Patient Education,1,1,100.
058,Jan 2026,Race/Ethnicity (Detailed),Other,Patient Education,2,2,100.
058,Jan 2026,Primary Language,Other,Patient Education,2,2,100.
058,Mar 2026,Primary Language,Other,Patient Education,0,0,
058,Mar 2026,Race/Ethnicity (Detailed),Other,Patient Education,0,0,
058,Feb 2026,Insurance,Private,Patient Education,7,7,100.
058,Jan 2026,Insurance,Private,Patient Education,7,7,100.
058,Mar 2026,Insurance,Private,Patient Education,10,10,100.
058,Feb 2026,Insurance,Public,Patient Education,3,3,100.
058,Jan 2026,Insurance,Public,Patient Education,3,3,100.
058,Mar 2026,Insurance,Public,Patient Education,0,0,
058,Feb 2026,Race/Ethnicity (Detailed),Race Not Documented,Patient Education,0,0,
058,Jan 2026,Race/Ethnicity (Detailed),Race Not Documented,Patient Education,0,0,
058,Mar 2026,Race/Ethnicity (Detailed),Race Not Documented,Patient Education,0,0,
058,Feb 2026,Race/Ethnicity (Detailed),White,Patient Education,7,7,100.
058,Feb 2026,Race/Ethnicity,White,Patient Education,8,8,100.
058,Jan 2026,Race/Ethnicity,White,Patient Education,4,4,100.
058,Jan 2026,Race/Ethnicity (Detailed),White,Patient Education,4,4,100.
058,Mar 2026,Race/Ethnicity (Detailed),White,Patient Education,6,6,100.
058,Mar 2026,Race/Ethnicity,White,Patient Education,6,6,100.
059,Feb 2026,Race/Ethnicity (Detailed),Asian,Patient Education,0,0,
059,Jan 2026,Race/Ethnicity (Detailed),Asian,Patient Education,0,0,
059,Mar 2026,Race/Ethnicity (Detailed),Asian,Patient Education,1,1,100.
059,Feb 2026,Race/Ethnicity (Detailed),Black/African American,Patient Education,0,0,
059,Jan 2026,Race/Ethnicity (Detailed),Black/African American,Patient Education,0,0,
059,Mar 2026,Race/Ethnicity (Detailed),Black/African American,Patient Education,0,0,
059,Feb 2026,Race/Ethnicity (Detailed),Hispanic/Latino,Patient Education,0,0,
059,Jan 2026,Race/Ethnicity (Detailed),Hispanic/Latino,Patient Education,0,0,
059,Mar 2026,Race/Ethnicity (Detailed),Hispanic/Latino,Patient Education,0,0,
059,Feb 2026,Race/Ethnicity (Detailed),Other,Patient Education,0,0,
059,Feb 2026,Primary Language,Other,Patient Education,0,0,
059,Jan 2026,Primary Language,Other,Patient Education,0,0,
059,Jan 2026,Race/Ethnicity (Detailed),Other,Patient Education,0,0,
059,Mar 2026,Race/Ethnicity (Detailed),Other,Patient Education,0,0,
059,Mar 2026,Primary Language,Other,Patient Education,0,0,
059,Feb 2026,Insurance,Private,Patient Education,0,0,
059,Jan 2026,Insurance,Private,Patient Education,0,0,
059,Mar 2026,Insurance,Private,Patient Education,3,3,100.
059,Feb 2026,Insurance,Public,Patient Education,0,0,
059,Jan 2026,Insurance,Public,Patient Education,0,0,
059,Mar 2026,Insurance,Public,Patient Education,2,2,100.
059,Feb 2026,Race/Ethnicity (Detailed),Race Not Documented,Patient Education,0,0,
059,Jan 2026,Race/Ethnicity (Detailed),Race Not Documented,Patient Education,0,0,
059,Mar 2026,Race/Ethnicity (Detailed),Race Not Documented,Patient Education,0,0,
059,Feb 2026,Race/Ethnicity,White,Patient Education,0,0,
059,Feb 2026,Race/Ethnicity (Detailed),White,Patient Education,0,0,
059,Jan 2026,Race/Ethnicity (Detailed),White,Patient Education,0,0,
059,Jan 2026,Race/Ethnicity,White,Patient Education,0,0,
059,Mar 2026,Race/Ethnicity,White,Patient Education,5,5,100.
059,Mar 2026,Race/Ethnicity (Detailed),White,Patient Education,5,5,100.
060,Feb 2026,Race/Ethnicity (Detailed),Asian,Patient Education,0,0,
060,Jan 2026,Race/Ethnicity (Detailed),Asian,Patient Education,0,0,
060,Mar 2026,Race/Ethnicity (Detailed),Asian,Patient Education,0,0,
060,Feb 2026,Race/Ethnicity (Detailed),Black/African American,Patient Education,0,0,
060,Jan 2026,Race/Ethnicity (Detailed),Black/African American,Patient Education,2,2,100.
060,Mar 2026,Race/Ethnicity (Detailed),Black/African American,Patient Education,1,1,100.
060,Feb 2026,Race/Ethnicity (Detailed),Hispanic/Latino,Patient Education,1,1,100.
060,Jan 2026,Race/Ethnicity (Detailed),Hispanic/Latino,Patient Education,2,2,100.
060,Mar 2026,Race/Ethnicity (Detailed),Hispanic/Latino,Patient Education,0,0,
060,Feb 2026,Primary Language,Other,Patient Education,1,1,100.
060,Feb 2026,Race/Ethnicity (Detailed),Other,Patient Education,0,0,
060,Jan 2026,Primary Language,Other,Patient Education,2,2,100.
060,Jan 2026,Race/Ethnicity (Detailed),Other,Patient Education,0,0,
060,Mar 2026,Primary Language,Other,Patient Education,1,1,100.
060,Mar 2026,Race/Ethnicity (Detailed),Other,Patient Education,0,0,
060,Feb 2026,Insurance,Private,Patient Education,2,2,100.
060,Jan 2026,Insurance,Private,Patient Education,6,6,100.
060,Mar 2026,Insurance,Private,Patient Education,3,3,100.
060,Feb 2026,Insurance,Public,Patient Education,2,2,100.
060,Jan 2026,Insurance,Public,Patient Education,4,4,100.
060,Mar 2026,Insurance,Public,Patient Education,4,4,100.
060,Feb 2026,Race/Ethnicity (Detailed),Race Not Documented,Patient Education,0,0,
060,Jan 2026,Race/Ethnicity (Detailed),Race Not Documented,Patient Education,0,0,
060,Mar 2026,Race/Ethnicity (Detailed),Race Not Documented,Patient Education,0,0,
060,Feb 2026,Race/Ethnicity,White,Patient Education,3,3,100.
060,Feb 2026,Race/Ethnicity (Detailed),White,Patient Education,3,3,100.
060,Jan 2026,Race/Ethnicity,White,Patient Education,6,6,100.
060,Jan 2026,Race/Ethnicity (Detailed),White,Patient Education,6,6,100.
060,Mar 2026,Race/Ethnicity,White,Patient Education,6,6,100.
060,Mar 2026,Race/Ethnicity (Detailed),White,Patient Education,6,6,100.
061,Feb 2026,Race/Ethnicity (Detailed),Asian,Patient Education,0,0,
061,Jan 2026,Race/Ethnicity (Detailed),Asian,Patient Education,0,0,
061,Mar 2026,Race/Ethnicity (Detailed),Asian,Patient Education,0,0,
061,Feb 2026,Race/Ethnicity (Detailed),Black/African American,Patient Education,0,0,
061,Jan 2026,Race/Ethnicity (Detailed),Black/African American,Patient Education,1,1,100.
061,Mar 2026,Race/Ethnicity (Detailed),Black/African American,Patient Education,0,0,
061,Feb 2026,Race/Ethnicity (Detailed),Hispanic/Latino,Patient Education,2,2,100.
061,Jan 2026,Race/Ethnicity (Detailed),Hispanic/Latino,Patient Education,3,3,100.
061,Mar 2026,Race/Ethnicity (Detailed),Hispanic/Latino,Patient Education,0,0,
061,Feb 2026,Race/Ethnicity (Detailed),Other,Patient Education,0,0,
061,Feb 2026,Primary Language,Other,Patient Education,1,1,100.
061,Jan 2026,Primary Language,Other,Patient Education,2,2,100.
061,Jan 2026,Race/Ethnicity (Detailed),Other,Patient Education,2,2,100.
061,Mar 2026,Race/Ethnicity (Detailed),Other,Patient Education,0,0,
061,Mar 2026,Primary Language,Other,Patient Education,0,0,
061,Feb 2026,Insurance,Private,Patient Education,4,4,100.
061,Jan 2026,Insurance,Private,Patient Education,2,2,100.
061,Mar 2026,Insurance,Private,Patient Education,5,5,100.
061,Feb 2026,Insurance,Public,Patient Education,6,6,100.
061,Jan 2026,Insurance,Public,Patient Education,6,6,100.
061,Mar 2026,Insurance,Public,Patient Education,5,5,100.
061,Feb 2026,Race/Ethnicity (Detailed),Race Not Documented,Patient Education,0,0,
061,Jan 2026,Race/Ethnicity (Detailed),Race Not Documented,Patient Education,0,0,
061,Mar 2026,Race/Ethnicity (Detailed),Race Not Documented,Patient Education,0,0,
061,Feb 2026,Race/Ethnicity,White,Patient Education,8,8,100.
061,Feb 2026,Race/Ethnicity (Detailed),White,Patient Education,8,8,100.
061,Jan 2026,Race/Ethnicity (Detailed),White,Patient Education,3,3,100.
061,Jan 2026,Race/Ethnicity,White,Patient Education,3,3,100.
061,Mar 2026,Race/Ethnicity,White,Patient Education,10,10,100.
061,Mar 2026,Race/Ethnicity (Detailed),White,Patient Education,0,0,
062,Feb 2026,Race/Ethnicity (Detailed),Asian,Patient Education,0,0,
062,Jan 2026,Race/Ethnicity (Detailed),Asian,Patient Education,0,0,
062,Mar 2026,Race/Ethnicity (Detailed),Asian,Patient Education,0,0,
062,Feb 2026,Race/Ethnicity (Detailed),Black/African American,Patient Education,0,0,
062,Jan 2026,Race/Ethnicity (Detailed),Black/African American,Patient Education,0,0,
062,Mar 2026,Race/Ethnicity (Detailed),Black/African American,Patient Education,0,0,
062,Feb 2026,Race/Ethnicity (Detailed),Hispanic/Latino,Patient Education,0,0,
062,Jan 2026,Race/Ethnicity (Detailed),Hispanic/Latino,Patient Education,0,0,
062,Mar 2026,Race/Ethnicity (Detailed),Hispanic/Latino,Patient Education,0,0,
062,Feb 2026,Primary Language,Other,Patient Education,0,0,
062,Feb 2026,Race/Ethnicity (Detailed),Other,Patient Education,0,0,
062,Jan 2026,Race/Ethnicity (Detailed),Other,Patient Education,0,0,
062,Jan 2026,Primary Language,Other,Patient Education,0,0,
062,Mar 2026,Primary Language,Other,Patient Education,0,0,
062,Mar 2026,Race/Ethnicity (Detailed),Other,Patient Education,0,0,
062,Feb 2026,Insurance,Private,Patient Education,0,0,
062,Jan 2026,Insurance,Private,Patient Education,0,0,
062,Mar 2026,Insurance,Private,Patient Education,0,0,
062,Feb 2026,Insurance,Public,Patient Education,0,0,
062,Jan 2026,Insurance,Public,Patient Education,0,0,
062,Mar 2026,Insurance,Public,Patient Education,0,0,
062,Feb 2026,Race/Ethnicity (Detailed),Race Not Documented,Patient Education,0,0,
062,Jan 2026,Race/Ethnicity (Detailed),Race Not Documented,Patient Education,0,0,
062,Mar 2026,Race/Ethnicity (Detailed),Race Not Documented,Patient Education,0,0,
062,Feb 2026,Race/Ethnicity (Detailed),White,Patient Education,0,0,
062,Feb 2026,Race/Ethnicity,White,Patient Education,0,0,
062,Jan 2026,Race/Ethnicity,White,Patient Education,0,0,
062,Jan 2026,Race/Ethnicity (Detailed),White,Patient Education,0,0,
062,Mar 2026,Race/Ethnicity (Detailed),White,Patient Education,0,0,
062,Mar 2026,Race/Ethnicity,White,Patient Education,0,0,
063,Feb 2026,Race/Ethnicity (Detailed),Asian,Patient Education,0,0,
063,Jan 2026,Race/Ethnicity (Detailed),Asian,Patient Education,0,0,
063,Mar 2026,Race/Ethnicity (Detailed),Asian,Patient Education,0,0,
063,Feb 2026,Race/Ethnicity (Detailed),Black/African American,Patient Education,1,1,100.
063,Jan 2026,Race/Ethnicity (Detailed),Black/African American,Patient Education,0,0,
063,Mar 2026,Race/Ethnicity (Detailed),Black/African American,Patient Education,0,0,
063,Feb 2026,Race/Ethnicity (Detailed),Hispanic/Latino,Patient Education,0,0,
063,Jan 2026,Race/Ethnicity (Detailed),Hispanic/Latino,Patient Education,0,0,
063,Mar 2026,Race/Ethnicity (Detailed),Hispanic/Latino,Patient Education,0,0,
063,Feb 2026,Race/Ethnicity (Detailed),Other,Patient Education,0,0,
063,Feb 2026,Primary Language,Other,Patient Education,0,0,
063,Jan 2026,Primary Language,Other,Patient Education,0,0,
063,Jan 2026,Race/Ethnicity (Detailed),Other,Patient Education,0,0,
063,Mar 2026,Race/Ethnicity (Detailed),Other,Patient Education,0,0,
063,Mar 2026,Primary Language,Other,Patient Education,0,0,
063,Feb 2026,Insurance,Private,Patient Education,7,7,100.
063,Jan 2026,Insurance,Private,Patient Education,10,10,100.
063,Mar 2026,Insurance,Private,Patient Education,10,10,100.
063,Feb 2026,Insurance,Public,Patient Education,3,3,100.
063,Jan 2026,Insurance,Public,Patient Education,0,0,
063,Mar 2026,Insurance,Public,Patient Education,0,0,
063,Feb 2026,Race/Ethnicity (Detailed),Race Not Documented,Patient Education,0,0,
063,Jan 2026,Race/Ethnicity (Detailed),Race Not Documented,Patient Education,0,0,
063,Mar 2026,Race/Ethnicity (Detailed),Race Not Documented,Patient Education,0,0,
063,Feb 2026,Race/Ethnicity,White,Patient Education,9,9,100.
063,Feb 2026,Race/Ethnicity (Detailed),White,Patient Education,9,9,100.
063,Jan 2026,Race/Ethnicity (Detailed),White,Patient Education,0,0,
063,Jan 2026,Race/Ethnicity,White,Patient Education,10,10,100.
063,Mar 2026,Race/Ethnicity,White,Patient Education,10,10,100.
063,Mar 2026,Race/Ethnicity (Detailed),White,Patient Education,0,0,
064,Feb 2026,Race/Ethnicity (Detailed),Asian,Patient Education,0,0,
064,Jan 2026,Race/Ethnicity (Detailed),Asian,Patient Education,0,0,
064,Mar 2026,Race/Ethnicity (Detailed),Asian,Patient Education,0,0,
064,Feb 2026,Race/Ethnicity (Detailed),Black/African American,Patient Education,1,1,100.
064,Jan 2026,Race/Ethnicity (Detailed),Black/African American,Patient Education,1,1,100.
064,Mar 2026,Race/Ethnicity (Detailed),Black/African American,Patient Education,2,2,100.
064,Feb 2026,Race/Ethnicity (Detailed),Hispanic/Latino,Patient Education,0,0,
064,Jan 2026,Race/Ethnicity (Detailed),Hispanic/Latino,Patient Education,1,1,100.
064,Mar 2026,Race/Ethnicity (Detailed),Hispanic/Latino,Patient Education,0,0,
064,Feb 2026,Race/Ethnicity (Detailed),Other,Patient Education,0,0,
064,Feb 2026,Primary Language,Other,Patient Education,0,0,
064,Jan 2026,Race/Ethnicity (Detailed),Other,Patient Education,0,0,
064,Jan 2026,Primary Language,Other,Patient Education,0,0,
064,Mar 2026,Race/Ethnicity (Detailed),Other,Patient Education,0,0,
064,Mar 2026,Primary Language,Other,Patient Education,0,0,
064,Feb 2026,Insurance,Private,Patient Education,8,8,100.
064,Jan 2026,Insurance,Private,Patient Education,8,8,100.
064,Mar 2026,Insurance,Private,Patient Education,5,5,100.
064,Feb 2026,Insurance,Public,Patient Education,2,2,100.
064,Jan 2026,Insurance,Public,Patient Education,2,2,100.
064,Mar 2026,Insurance,Public,Patient Education,3,3,100.
064,Feb 2026,Race/Ethnicity (Detailed),Race Not Documented,Patient Education,0,0,
064,Jan 2026,Race/Ethnicity (Detailed),Race Not Documented,Patient Education,0,0,
064,Mar 2026,Race/Ethnicity (Detailed),Race Not Documented,Patient Education,0,0,
064,Feb 2026,Race/Ethnicity (Detailed),White,Patient Education,9,9,100.
064,Feb 2026,Race/Ethnicity,White,Patient Education,9,9,100.
064,Jan 2026,Race/Ethnicity (Detailed),White,Patient Education,8,8,100.
064,Jan 2026,Race/Ethnicity,White,Patient Education,8,8,100.
064,Mar 2026,Race/Ethnicity (Detailed),White,Patient Education,6,6,100.
064,Mar 2026,Race/Ethnicity,White,Patient Education,7,7,100.
065,Feb 2026,Race/Ethnicity (Detailed),Asian,Patient Education,0,0,
065,Jan 2026,Race/Ethnicity (Detailed),Asian,Patient Education,0,0,
065,Mar 2026,Race/Ethnicity (Detailed),Asian,Patient Education,0,0,
065,Feb 2026,Race/Ethnicity (Detailed),Black/African American,Patient Education,6,6,100.
065,Jan 2026,Race/Ethnicity (Detailed),Black/African American,Patient Education,5,5,100.
065,Mar 2026,Race/Ethnicity (Detailed),Black/African American,Patient Education,8,8,100.
065,Feb 2026,Race/Ethnicity (Detailed),Hispanic/Latino,Patient Education,2,2,100.
065,Jan 2026,Race/Ethnicity (Detailed),Hispanic/Latino,Patient Education,0,0,
065,Mar 2026,Race/Ethnicity (Detailed),Hispanic/Latino,Patient Education,1,1,100.
065,Feb 2026,Primary Language,Other,Patient Education,1,1,100.
065,Feb 2026,Race/Ethnicity (Detailed),Other,Patient Education,0,0,
065,Jan 2026,Primary Language,Other,Patient Education,0,0,
065,Jan 2026,Race/Ethnicity (Detailed),Other,Patient Education,0,0,
065,Mar 2026,Primary Language,Other,Patient Education,1,1,100.
065,Mar 2026,Race/Ethnicity (Detailed),Other,Patient Education,0,0,
065,Feb 2026,Insurance,Private,Patient Education,0,0,
065,Jan 2026,Insurance,Private,Patient Education,1,1,100.
065,Mar 2026,Insurance,Private,Patient Education,0,0,
065,Feb 2026,Insurance,Public,Patient Education,8,8,100.
065,Jan 2026,Insurance,Public,Patient Education,4,4,100.
065,Mar 2026,Insurance,Public,Patient Education,9,9,100.
065,Feb 2026,Race/Ethnicity (Detailed),Race Not Documented,Patient Education,0,0,
065,Jan 2026,Race/Ethnicity (Detailed),Race Not Documented,Patient Education,0,0,
065,Mar 2026,Race/Ethnicity (Detailed),Race Not Documented,Patient Education,0,0,
065,Feb 2026,Race/Ethnicity,White,Patient Education,0,0,
065,Feb 2026,Race/Ethnicity (Detailed),White,Patient Education,0,0,
065,Jan 2026,Race/Ethnicity,White,Patient Education,0,0,
065,Jan 2026,Race/Ethnicity (Detailed),White,Patient Education,0,0,
065,Mar 2026,Race/Ethnicity,White,Patient Education,0,0,
065,Mar 2026,Race/Ethnicity (Detailed),White,Patient Education,0,0,
066,Feb 2026,Race/Ethnicity (Detailed),Asian,Patient Education,0,0,
066,Jan 2026,Race/Ethnicity (Detailed),Asian,Patient Education,0,0,
066,Mar 2026,Race/Ethnicity (Detailed),Asian,Patient Education,0,0,
066,Feb 2026,Race/Ethnicity (Detailed),Black/African American,Patient Education,1,1,100.
066,Jan 2026,Race/Ethnicity (Detailed),Black/African American,Patient Education,3,3,100.
066,Mar 2026,Race/Ethnicity (Detailed),Black/African American,Patient Education,2,2,100.
066,Feb 2026,Race/Ethnicity (Detailed),Hispanic/Latino,Patient Education,1,1,100.
066,Jan 2026,Race/Ethnicity (Detailed),Hispanic/Latino,Patient Education,0,0,
066,Mar 2026,Race/Ethnicity (Detailed),Hispanic/Latino,Patient Education,2,2,100.
066,Feb 2026,Race/Ethnicity (Detailed),Other,Patient Education,0,0,
066,Feb 2026,Primary Language,Other,Patient Education,1,1,100.
066,Jan 2026,Primary Language,Other,Patient Education,0,0,
066,Jan 2026,Race/Ethnicity (Detailed),Other,Patient Education,0,0,
066,Mar 2026,Race/Ethnicity (Detailed),Other,Patient Education,0,0,
066,Mar 2026,Primary Language,Other,Patient Education,2,2,100.
066,Feb 2026,Insurance,Private,Patient Education,6,6,100.
066,Jan 2026,Insurance,Private,Patient Education,4,4,100.
066,Mar 2026,Insurance,Private,Patient Education,4,4,100.
066,Feb 2026,Insurance,Public,Patient Education,4,4,100.
066,Jan 2026,Insurance,Public,Patient Education,6,6,100.
066,Mar 2026,Insurance,Public,Patient Education,6,6,100.
066,Feb 2026,Race/Ethnicity (Detailed),Race Not Documented,Patient Education,0,0,
066,Jan 2026,Race/Ethnicity (Detailed),Race Not Documented,Patient Education,0,0,
066,Mar 2026,Race/Ethnicity (Detailed),Race Not Documented,Patient Education,0,0,
066,Feb 2026,Race/Ethnicity,White,Patient Education,9,9,100.
066,Feb 2026,Race/Ethnicity (Detailed),White,Patient Education,8,8,100.
066,Jan 2026,Race/Ethnicity (Detailed),White,Patient Education,7,7,100.
066,Jan 2026,Race/Ethnicity,White,Patient Education,9,9,100.
066,Mar 2026,Race/Ethnicity,White,Patient Education,6,6,100.
066,Mar 2026,Race/Ethnicity (Detailed),White,Patient Education,6,6,100.
067,Feb 2026,Race/Ethnicity (Detailed),Asian,Patient Education,0,0,
067,Jan 2026,Race/Ethnicity (Detailed),Asian,Patient Education,0,0,
067,Mar 2026,Race/Ethnicity (Detailed),Asian,Patient Education,0,0,
067,Feb 2026,Race/Ethnicity (Detailed),Black/African American,Patient Education,0,0,
067,Jan 2026,Race/Ethnicity (Detailed),Black/African American,Patient Education,0,0,
067,Mar 2026,Race/Ethnicity (Detailed),Black/African American,Patient Education,0,0,
067,Feb 2026,Race/Ethnicity (Detailed),Hispanic/Latino,Patient Education,0,0,
067,Jan 2026,Race/Ethnicity (Detailed),Hispanic/Latino,Patient Education,0,0,
067,Mar 2026,Race/Ethnicity (Detailed),Hispanic/Latino,Patient Education,0,0,
067,Feb 2026,Race/Ethnicity (Detailed),Other,Patient Education,0,0,
067,Feb 2026,Primary Language,Other,Patient Education,0,0,
067,Jan 2026,Primary Language,Other,Patient Education,0,0,
067,Jan 2026,Race/Ethnicity (Detailed),Other,Patient Education,0,0,
067,Mar 2026,Race/Ethnicity (Detailed),Other,Patient Education,0,0,
067,Mar 2026,Primary Language,Other,Patient Education,0,0,
067,Feb 2026,Insurance,Private,Patient Education,0,0,
067,Jan 2026,Insurance,Private,Patient Education,0,0,
067,Mar 2026,Insurance,Private,Patient Education,0,0,
067,Feb 2026,Insurance,Public,Patient Education,0,0,
067,Jan 2026,Insurance,Public,Patient Education,0,0,
067,Mar 2026,Insurance,Public,Patient Education,0,0,
067,Feb 2026,Race/Ethnicity (Detailed),Race Not Documented,Patient Education,0,0,
067,Jan 2026,Race/Ethnicity (Detailed),Race Not Documented,Patient Education,0,0,
067,Mar 2026,Race/Ethnicity (Detailed),Race Not Documented,Patient Education,0,0,
067,Feb 2026,Race/Ethnicity,White,Patient Education,0,0,
067,Feb 2026,Race/Ethnicity (Detailed),White,Patient Education,0,0,
067,Jan 2026,Race/Ethnicity (Detailed),White,Patient Education,0,0,
067,Jan 2026,Race/Ethnicity,White,Patient Education,0,0,
067,Mar 2026,Race/Ethnicity,White,Patient Education,0,0,
067,Mar 2026,Race/Ethnicity (Detailed),White,Patient Education,0,0,
068,Feb 2026,Race/Ethnicity (Detailed),Asian,Patient Education,0,0,
068,Jan 2026,Race/Ethnicity (Detailed),Asian,Patient Education,1,1,100.
068,Mar 2026,Race/Ethnicity (Detailed),Asian,Patient Education,1,1,100.
068,Feb 2026,Race/Ethnicity (Detailed),Black/African American,Patient Education,1,1,100.
068,Jan 2026,Race/Ethnicity (Detailed),Black/African American,Patient Education,1,1,100.
068,Mar 2026,Race/Ethnicity (Detailed),Black/African American,Patient Education,2,2,100.
068,Feb 2026,Race/Ethnicity (Detailed),Hispanic/Latino,Patient Education,2,2,100.
068,Jan 2026,Race/Ethnicity (Detailed),Hispanic/Latino,Patient Education,1,1,100.
068,Mar 2026,Race/Ethnicity (Detailed),Hispanic/Latino,Patient Education,1,1,100.
068,Feb 2026,Race/Ethnicity (Detailed),Other,Patient Education,1,1,100.
068,Feb 2026,Primary Language,Other,Patient Education,2,2,100.
068,Jan 2026,Primary Language,Other,Patient Education,1,1,100.
068,Jan 2026,Race/Ethnicity (Detailed),Other,Patient Education,0,0,
068,Mar 2026,Race/Ethnicity (Detailed),Other,Patient Education,0,0,
068,Mar 2026,Primary Language,Other,Patient Education,0,0,
068,Feb 2026,Insurance,Private,Patient Education,3,3,100.
068,Jan 2026,Insurance,Private,Patient Education,5,6,83.33
068,Mar 2026,Insurance,Private,Patient Education,7,7,100.
068,Feb 2026,Insurance,Public,Patient Education,7,7,100.
068,Jan 2026,Insurance,Public,Patient Education,5,5,100.
068,Mar 2026,Insurance,Public,Patient Education,4,4,100.
068,Feb 2026,Race/Ethnicity (Detailed),Race Not Documented,Patient Education,0,0,
068,Jan 2026,Race/Ethnicity (Detailed),Race Not Documented,Patient Education,0,0,
068,Mar 2026,Race/Ethnicity (Detailed),Race Not Documented,Patient Education,0,0,
068,Feb 2026,Race/Ethnicity,White,Patient Education,6,6,100.
068,Feb 2026,Race/Ethnicity (Detailed),White,Patient Education,6,6,100.
068,Jan 2026,Race/Ethnicity (Detailed),White,Patient Education,6,7,85.71
068,Jan 2026,Race/Ethnicity,White,Patient Education,7,8,87.5
068,Mar 2026,Race/Ethnicity,White,Patient Education,7,7,100.
068,Mar 2026,Race/Ethnicity (Detailed),White,Patient Education,6,6,100.
069,Feb 2026,Race/Ethnicity (Detailed),Asian,Patient Education,0,0,
069,Jan 2026,Race/Ethnicity (Detailed),Asian,Patient Education,0,0,
069,Mar 2026,Race/Ethnicity (Detailed),Asian,Patient Education,0,0,
069,Feb 2026,Race/Ethnicity (Detailed),Black/African American,Patient Education,2,2,100.
069,Jan 2026,Race/Ethnicity (Detailed),Black/African American,Patient Education,2,2,100.
069,Mar 2026,Race/Ethnicity (Detailed),Black/African American,Patient Education,1,1,100.
069,Feb 2026,Race/Ethnicity (Detailed),Hispanic/Latino,Patient Education,0,0,
069,Jan 2026,Race/Ethnicity (Detailed),Hispanic/Latino,Patient Education,1,1,100.
069,Mar 2026,Race/Ethnicity (Detailed),Hispanic/Latino,Patient Education,1,1,100.
069,Feb 2026,Race/Ethnicity (Detailed),Other,Patient Education,0,0,
069,Feb 2026,Primary Language,Other,Patient Education,0,0,
069,Jan 2026,Race/Ethnicity (Detailed),Other,Patient Education,0,0,
069,Jan 2026,Primary Language,Other,Patient Education,1,1,100.
069,Mar 2026,Race/Ethnicity (Detailed),Other,Patient Education,0,0,
069,Mar 2026,Primary Language,Other,Patient Education,0,0,
069,Feb 2026,Insurance,Private,Patient Education,8,8,100.
069,Jan 2026,Insurance,Private,Patient Education,7,7,100.
069,Mar 2026,Insurance,Private,Patient Education,6,6,100.
069,Feb 2026,Insurance,Public,Patient Education,2,2,100.
069,Jan 2026,Insurance,Public,Patient Education,3,3,100.
069,Mar 2026,Insurance,Public,Patient Education,3,3,100.
069,Feb 2026,Race/Ethnicity (Detailed),Race Not Documented,Patient Education,0,0,
069,Jan 2026,Race/Ethnicity (Detailed),Race Not Documented,Patient Education,0,0,
069,Mar 2026,Race/Ethnicity (Detailed),Race Not Documented,Patient Education,0,0,
069,Feb 2026,Race/Ethnicity (Detailed),White,Patient Education,8,8,100.
069,Feb 2026,Race/Ethnicity,White,Patient Education,8,8,100.
069,Jan 2026,Race/Ethnicity,White,Patient Education,7,7,100.
069,Jan 2026,Race/Ethnicity (Detailed),White,Patient Education,7,7,100.
069,Mar 2026,Race/Ethnicity (Detailed),White,Patient Education,8,8,100.
069,Mar 2026,Race/Ethnicity,White,Patient Education,8,8,100.
070,Feb 2026,Race/Ethnicity (Detailed),Asian,Patient Education,0,0,
070,Jan 2026,Race/Ethnicity (Detailed),Asian,Patient Education,0,0,
070,Mar 2026,Race/Ethnicity (Detailed),Asian,Patient Education,0,0,
070,Feb 2026,Race/Ethnicity (Detailed),Black/African American,Patient Education,0,1,0.
070,Jan 2026,Race/Ethnicity (Detailed),Black/African American,Patient Education,0,0,
070,Mar 2026,Race/Ethnicity (Detailed),Black/African American,Patient Education,0,0,
070,Feb 2026,Race/Ethnicity (Detailed),Hispanic/Latino,Patient Education,0,1,0.
070,Jan 2026,Race/Ethnicity (Detailed),Hispanic/Latino,Patient Education,0,0,
070,Mar 2026,Race/Ethnicity (Detailed),Hispanic/Latino,Patient Education,0,0,
070,Feb 2026,Primary Language,Other,Patient Education,0,1,0.
070,Feb 2026,Race/Ethnicity (Detailed),Other,Patient Education,0,0,
070,Jan 2026,Race/Ethnicity (Detailed),Other,Patient Education,0,0,
070,Jan 2026,Primary Language,Other,Patient Education,0,0,
070,Mar 2026,Primary Language,Other,Patient Education,0,0,
070,Mar 2026,Race/Ethnicity (Detailed),Other,Patient Education,0,0,
070,Feb 2026,Insurance,Private,Patient Education,0,6,0.
070,Jan 2026,Insurance,Private,Patient Education,4,5,80.
070,Mar 2026,Insurance,Private,Patient Education,0,9,0.
070,Feb 2026,Insurance,Public,Patient Education,0,4,0.
070,Jan 2026,Insurance,Public,Patient Education,2,5,40.
070,Mar 2026,Insurance,Public,Patient Education,0,1,0.
070,Feb 2026,Race/Ethnicity (Detailed),Race Not Documented,Patient Education,0,0,
070,Jan 2026,Race/Ethnicity (Detailed),Race Not Documented,Patient Education,0,1,0.
070,Mar 2026,Race/Ethnicity (Detailed),Race Not Documented,Patient Education,0,0,
070,Feb 2026,Race/Ethnicity (Detailed),White,Patient Education,0,8,0.
070,Feb 2026,Race/Ethnicity,White,Patient Education,0,8,0.
070,Jan 2026,Race/Ethnicity,White,Patient Education,6,9,66.67
070,Jan 2026,Race/Ethnicity (Detailed),White,Patient Education,0,0,
070,Mar 2026,Race/Ethnicity (Detailed),White,Patient Education,0,0,
070,Mar 2026,Race/Ethnicity,White,Patient Education,0,10,0.
071,Feb 2026,Race/Ethnicity (Detailed),Asian,Patient Education,0,0,
071,Jan 2026,Race/Ethnicity (Detailed),Asian,Patient Education,0,0,
071,Mar 2026,Race/Ethnicity (Detailed),Asian,Patient Education,1,1,100.
071,Feb 2026,Race/Ethnicity (Detailed),Black/African American,Patient Education,1,1,100.
071,Jan 2026,Race/Ethnicity (Detailed),Black/African American,Patient Education,1,1,100.
071,Mar 2026,Race/Ethnicity (Detailed),Black/African American,Patient Education,0,0,
071,Feb 2026,Race/Ethnicity (Detailed),Hispanic/Latino,Patient Education,2,2,100.
071,Jan 2026,Race/Ethnicity (Detailed),Hispanic/Latino,Patient Education,5,5,100.
071,Mar 2026,Race/Ethnicity (Detailed),Hispanic/Latino,Patient Education,4,4,100.
071,Feb 2026,Primary Language,Other,Patient Education,0,0,
071,Feb 2026,Race/Ethnicity (Detailed),Other,Patient Education,0,0,
071,Jan 2026,Primary Language,Other,Patient Education,0,0,
071,Jan 2026,Race/Ethnicity (Detailed),Other,Patient Education,0,0,
071,Mar 2026,Primary Language,Other,Patient Education,0,0,
071,Mar 2026,Race/Ethnicity (Detailed),Other,Patient Education,0,0,
071,Feb 2026,Insurance,Private,Patient Education,7,7,100.
071,Jan 2026,Insurance,Private,Patient Education,8,8,100.
071,Mar 2026,Insurance,Private,Patient Education,9,9,100.
071,Feb 2026,Insurance,Public,Patient Education,3,3,100.
071,Jan 2026,Insurance,Public,Patient Education,2,2,100.
071,Mar 2026,Insurance,Public,Patient Education,1,1,100.
071,Feb 2026,Race/Ethnicity (Detailed),Race Not Documented,Patient Education,0,0,
071,Jan 2026,Race/Ethnicity (Detailed),Race Not Documented,Patient Education,0,0,
071,Mar 2026,Race/Ethnicity (Detailed),Race Not Documented,Patient Education,0,0,
071,Feb 2026,Race/Ethnicity (Detailed),White,Patient Education,7,7,100.
071,Feb 2026,Race/Ethnicity,White,Patient Education,9,9,100.
071,Jan 2026,Race/Ethnicity,White,Patient Education,9,9,100.
071,Jan 2026,Race/Ethnicity (Detailed),White,Patient Education,4,4,100.
071,Mar 2026,Race/Ethnicity (Detailed),White,Patient Education,5,5,100.
071,Mar 2026,Race/Ethnicity,White,Patient Education,9,9,100.
072,Feb 2026,Race/Ethnicity (Detailed),Asian,Patient Education,0,0,
072,Jan 2026,Race/Ethnicity (Detailed),Asian,Patient Education,0,0,
072,Mar 2026,Race/Ethnicity (Detailed),Asian,Patient Education,0,0,
072,Feb 2026,Race/Ethnicity (Detailed),Black/African American,Patient Education,1,1,100.
072,Jan 2026,Race/Ethnicity (Detailed),Black/African American,Patient Education,0,0,
072,Mar 2026,Race/Ethnicity (Detailed),Black/African American,Patient Education,0,0,
072,Feb 2026,Race/Ethnicity (Detailed),Hispanic/Latino,Patient Education,0,0,
072,Jan 2026,Race/Ethnicity (Detailed),Hispanic/Latino,Patient Education,0,0,
072,Mar 2026,Race/Ethnicity (Detailed),Hispanic/Latino,Patient Education,0,0,
072,Feb 2026,Race/Ethnicity (Detailed),Other,Patient Education,0,0,
072,Feb 2026,Primary Language,Other,Patient Education,0,0,
072,Jan 2026,Primary Language,Other,Patient Education,0,0,
072,Jan 2026,Race/Ethnicity (Detailed),Other,Patient Education,0,0,
072,Mar 2026,Race/Ethnicity (Detailed),Other,Patient Education,0,0,
072,Mar 2026,Primary Language,Other,Patient Education,0,0,
072,Feb 2026,Insurance,Private,Patient Education,3,3,100.
072,Jan 2026,Insurance,Private,Patient Education,1,1,100.
072,Mar 2026,Insurance,Private,Patient Education,2,2,100.
072,Feb 2026,Insurance,Public,Patient Education,4,4,100.
072,Jan 2026,Insurance,Public,Patient Education,1,1,100.
072,Mar 2026,Insurance,Public,Patient Education,4,4,100.
072,Feb 2026,Race/Ethnicity (Detailed),Race Not Documented,Patient Education,0,0,
072,Jan 2026,Race/Ethnicity (Detailed),Race Not Documented,Patient Education,0,0,
072,Mar 2026,Race/Ethnicity (Detailed),Race Not Documented,Patient Education,0,0,
072,Feb 2026,Race/Ethnicity,White,Patient Education,6,6,100.
072,Feb 2026,Race/Ethnicity (Detailed),White,Patient Education,6,6,100.
072,Jan 2026,Race/Ethnicity (Detailed),White,Patient Education,0,0,
072,Jan 2026,Race/Ethnicity,White,Patient Education,2,2,100.
072,Mar 2026,Race/Ethnicity,White,Patient Education,6,6,100.
072,Mar 2026,Race/Ethnicity (Detailed),White,Patient Education,0,0,
073,Feb 2026,Race/Ethnicity (Detailed),Asian,Patient Education,0,0,
073,Jan 2026,Race/Ethnicity (Detailed),Asian,Patient Education,0,0,
073,Mar 2026,Race/Ethnicity (Detailed),Asian,Patient Education,0,0,
073,Feb 2026,Race/Ethnicity (Detailed),Black/African American,Patient Education,0,0,
073,Jan 2026,Race/Ethnicity (Detailed),Black/African American,Patient Education,1,1,100.
073,Mar 2026,Race/Ethnicity (Detailed),Black/African American,Patient Education,0,0,
073,Feb 2026,Race/Ethnicity (Detailed),Hispanic/Latino,Patient Education,0,0,
073,Jan 2026,Race/Ethnicity (Detailed),Hispanic/Latino,Patient Education,1,1,100.
073,Mar 2026,Race/Ethnicity (Detailed),Hispanic/Latino,Patient Education,0,0,
073,Feb 2026,Primary Language,Other,Patient Education,0,0,
073,Feb 2026,Race/Ethnicity (Detailed),Other,Patient Education,1,1,100.
073,Jan 2026,Primary Language,Other,Patient Education,0,0,
073,Jan 2026,Race/Ethnicity (Detailed),Other,Patient Education,0,0,
073,Mar 2026,Primary Language,Other,Patient Education,0,0,
073,Mar 2026,Race/Ethnicity (Detailed),Other,Patient Education,1,1,100.
073,Feb 2026,Insurance,Private,Patient Education,5,5,100.
073,Jan 2026,Insurance,Private,Patient Education,2,2,100.
073,Mar 2026,Insurance,Private,Patient Education,3,3,100.
073,Feb 2026,Insurance,Public,Patient Education,4,4,100.
073,Jan 2026,Insurance,Public,Patient Education,3,3,100.
073,Mar 2026,Insurance,Public,Patient Education,6,6,100.
073,Feb 2026,Race/Ethnicity (Detailed),Race Not Documented,Patient Education,0,0,
073,Jan 2026,Race/Ethnicity (Detailed),Race Not Documented,Patient Education,0,0,
073,Mar 2026,Race/Ethnicity (Detailed),Race Not Documented,Patient Education,0,0,
073,Feb 2026,Race/Ethnicity,White,Patient Education,8,8,100.
073,Feb 2026,Race/Ethnicity (Detailed),White,Patient Education,8,8,100.
073,Jan 2026,Race/Ethnicity,White,Patient Education,4,4,100.
073,Jan 2026,Race/Ethnicity (Detailed),White,Patient Education,3,3,100.
073,Mar 2026,Race/Ethnicity,White,Patient Education,9,9,100.
073,Mar 2026,Race/Ethnicity (Detailed),White,Patient Education,9,9,100.
074,Feb 2026,Race/Ethnicity (Detailed),Asian,Patient Education,0,0,
074,Jan 2026,Race/Ethnicity (Detailed),Asian,Patient Education,0,0,
074,Mar 2026,Race/Ethnicity (Detailed),Asian,Patient Education,0,0,
074,Feb 2026,Race/Ethnicity (Detailed),Black/African American,Patient Education,0,0,
074,Jan 2026,Race/Ethnicity (Detailed),Black/African American,Patient Education,0,0,
074,Mar 2026,Race/Ethnicity (Detailed),Black/African American,Patient Education,0,0,
074,Feb 2026,Race/Ethnicity (Detailed),Hispanic/Latino,Patient Education,0,0,
074,Jan 2026,Race/Ethnicity (Detailed),Hispanic/Latino,Patient Education,0,0,
074,Mar 2026,Race/Ethnicity (Detailed),Hispanic/Latino,Patient Education,0,0,
074,Feb 2026,Race/Ethnicity (Detailed),Other,Patient Education,0,0,
074,Feb 2026,Primary Language,Other,Patient Education,0,0,
074,Jan 2026,Race/Ethnicity (Detailed),Other,Patient Education,0,0,
074,Jan 2026,Primary Language,Other,Patient Education,0,0,
074,Mar 2026,Race/Ethnicity (Detailed),Other,Patient Education,0,0,
074,Mar 2026,Primary Language,Other,Patient Education,0,0,
074,Feb 2026,Insurance,Private,Patient Education,0,0,
074,Jan 2026,Insurance,Private,Patient Education,0,0,
074,Mar 2026,Insurance,Private,Patient Education,0,0,
074,Feb 2026,Insurance,Public,Patient Education,0,0,
074,Jan 2026,Insurance,Public,Patient Education,0,0,
074,Mar 2026,Insurance,Public,Patient Education,0,0,
074,Feb 2026,Race/Ethnicity (Detailed),Race Not Documented,Patient Education,0,0,
074,Jan 2026,Race/Ethnicity (Detailed),Race Not Documented,Patient Education,0,0,
074,Mar 2026,Race/Ethnicity (Detailed),Race Not Documented,Patient Education,0,0,
074,Feb 2026,Race/Ethnicity (Detailed),White,Patient Education,0,0,
074,Feb 2026,Race/Ethnicity,White,Patient Education,0,0,
074,Jan 2026,Race/Ethnicity (Detailed),White,Patient Education,0,0,
074,Jan 2026,Race/Ethnicity,White,Patient Education,0,0,
074,Mar 2026,Race/Ethnicity (Detailed),White,Patient Education,0,0,
074,Mar 2026,Race/Ethnicity,White,Patient Education,0,0,
075,Feb 2026,Race/Ethnicity (Detailed),Asian,Patient Education,0,0,
075,Jan 2026,Race/Ethnicity (Detailed),Asian,Patient Education,0,0,
075,Mar 2026,Race/Ethnicity (Detailed),Asian,Patient Education,0,0,
075,Feb 2026,Race/Ethnicity (Detailed),Black/African American,Patient Education,0,0,
075,Jan 2026,Race/Ethnicity (Detailed),Black/African American,Patient Education,0,0,
075,Mar 2026,Race/Ethnicity (Detailed),Black/African American,Patient Education,0,0,
075,Feb 2026,Race/Ethnicity (Detailed),Hispanic/Latino,Patient Education,0,0,
075,Jan 2026,Race/Ethnicity (Detailed),Hispanic/Latino,Patient Education,0,0,
075,Mar 2026,Race/Ethnicity (Detailed),Hispanic/Latino,Patient Education,0,0,
075,Feb 2026,Primary Language,Other,Patient Education,0,0,
075,Feb 2026,Race/Ethnicity (Detailed),Other,Patient Education,0,0,
075,Jan 2026,Race/Ethnicity (Detailed),Other,Patient Education,0,0,
075,Jan 2026,Primary Language,Other,Patient Education,0,0,
075,Mar 2026,Primary Language,Other,Patient Education,0,0,
075,Mar 2026,Race/Ethnicity (Detailed),Other,Patient Education,0,0,
075,Feb 2026,Insurance,Private,Patient Education,0,0,
075,Jan 2026,Insurance,Private,Patient Education,0,0,
075,Mar 2026,Insurance,Private,Patient Education,0,0,
075,Feb 2026,Insurance,Public,Patient Education,0,0,
075,Jan 2026,Insurance,Public,Patient Education,0,0,
075,Mar 2026,Insurance,Public,Patient Education,0,0,
075,Feb 2026,Race/Ethnicity (Detailed),Race Not Documented,Patient Education,0,0,
075,Jan 2026,Race/Ethnicity (Detailed),Race Not Documented,Patient Education,0,0,
075,Mar 2026,Race/Ethnicity (Detailed),Race Not Documented,Patient Education,0,0,
075,Feb 2026,Race/Ethnicity (Detailed),White,Patient Education,0,0,
075,Feb 2026,Race/Ethnicity,White,Patient Education,0,0,
075,Jan 2026,Race/Ethnicity,White,Patient Education,0,0,
075,Jan 2026,Race/Ethnicity (Detailed),White,Patient Education,0,0,
075,Mar 2026,Race/Ethnicity (Detailed),White,Patient Education,0,0,
075,Mar 2026,Race/Ethnicity,White,Patient Education,0,0,
076,Feb 2026,Race/Ethnicity (Detailed),Asian,Patient Education,0,0,
076,Jan 2026,Race/Ethnicity (Detailed),Asian,Patient Education,0,0,
076,Mar 2026,Race/Ethnicity (Detailed),Asian,Patient Education,0,0,
076,Feb 2026,Race/Ethnicity (Detailed),Black/African American,Patient Education,0,0,
076,Jan 2026,Race/Ethnicity (Detailed),Black/African American,Patient Education,0,0,
076,Mar 2026,Race/Ethnicity (Detailed),Black/African American,Patient Education,1,1,100.
076,Feb 2026,Race/Ethnicity (Detailed),Hispanic/Latino,Patient Education,0,0,
076,Jan 2026,Race/Ethnicity (Detailed),Hispanic/Latino,Patient Education,0,0,
076,Mar 2026,Race/Ethnicity (Detailed),Hispanic/Latino,Patient Education,0,0,
076,Feb 2026,Race/Ethnicity (Detailed),Other,Patient Education,0,0,
076,Feb 2026,Primary Language,Other,Patient Education,0,0,
076,Jan 2026,Race/Ethnicity (Detailed),Other,Patient Education,0,0,
076,Jan 2026,Primary Language,Other,Patient Education,0,0,
076,Mar 2026,Race/Ethnicity (Detailed),Other,Patient Education,0,0,
076,Mar 2026,Primary Language,Other,Patient Education,0,0,
076,Feb 2026,Insurance,Private,Patient Education,0,0,
076,Jan 2026,Insurance,Private,Patient Education,0,0,
076,Mar 2026,Insurance,Private,Patient Education,3,3,100.
076,Feb 2026,Insurance,Public,Patient Education,0,0,
076,Jan 2026,Insurance,Public,Patient Education,0,0,
076,Mar 2026,Insurance,Public,Patient Education,2,2,100.
076,Feb 2026,Race/Ethnicity (Detailed),Race Not Documented,Patient Education,0,0,
076,Jan 2026,Race/Ethnicity (Detailed),Race Not Documented,Patient Education,0,0,
076,Mar 2026,Race/Ethnicity (Detailed),Race Not Documented,Patient Education,0,0,
076,Feb 2026,Race/Ethnicity (Detailed),White,Patient Education,0,0,
076,Feb 2026,Race/Ethnicity,White,Patient Education,0,0,
076,Jan 2026,Race/Ethnicity (Detailed),White,Patient Education,0,0,
076,Jan 2026,Race/Ethnicity,White,Patient Education,0,0,
076,Mar 2026,Race/Ethnicity (Detailed),White,Patient Education,4,4,100.
076,Mar 2026,Race/Ethnicity,White,Patient Education,4,4,100.
077,Feb 2026,Race/Ethnicity (Detailed),Asian,Patient Education,0,0,
077,Jan 2026,Race/Ethnicity (Detailed),Asian,Patient Education,0,1,0.
077,Mar 2026,Race/Ethnicity (Detailed),Asian,Patient Education,0,0,
077,Feb 2026,Race/Ethnicity (Detailed),Black/African American,Patient Education,1,1,100.
077,Jan 2026,Race/Ethnicity (Detailed),Black/African American,Patient Education,0,0,
077,Mar 2026,Race/Ethnicity (Detailed),Black/African American,Patient Education,0,1,0.
077,Feb 2026,Race/Ethnicity (Detailed),Hispanic/Latino,Patient Education,0,0,
077,Jan 2026,Race/Ethnicity (Detailed),Hispanic/Latino,Patient Education,0,1,0.
077,Mar 2026,Race/Ethnicity (Detailed),Hispanic/Latino,Patient Education,0,1,0.
077,Feb 2026,Primary Language,Other,Patient Education,0,0,
077,Feb 2026,Race/Ethnicity (Detailed),Other,Patient Education,0,0,
077,Jan 2026,Race/Ethnicity (Detailed),Other,Patient Education,0,0,
077,Jan 2026,Primary Language,Other,Patient Education,0,0,
077,Mar 2026,Primary Language,Other,Patient Education,0,0,
077,Mar 2026,Race/Ethnicity (Detailed),Other,Patient Education,1,1,100.
077,Feb 2026,Insurance,Private,Patient Education,2,4,50.
077,Jan 2026,Insurance,Private,Patient Education,0,3,0.
077,Mar 2026,Insurance,Private,Patient Education,5,5,100.
077,Feb 2026,Insurance,Public,Patient Education,5,6,83.33
077,Jan 2026,Insurance,Public,Patient Education,0,7,0.
077,Mar 2026,Insurance,Public,Patient Education,2,5,40.
077,Feb 2026,Race/Ethnicity (Detailed),Race Not Documented,Patient Education,0,0,
077,Jan 2026,Race/Ethnicity (Detailed),Race Not Documented,Patient Education,0,0,
077,Mar 2026,Race/Ethnicity (Detailed),Race Not Documented,Patient Education,0,0,
077,Feb 2026,Race/Ethnicity (Detailed),White,Patient Education,6,9,66.67
077,Feb 2026,Race/Ethnicity,White,Patient Education,6,9,66.67
077,Jan 2026,Race/Ethnicity,White,Patient Education,0,8,0.
077,Jan 2026,Race/Ethnicity (Detailed),White,Patient Education,0,8,0.
077,Mar 2026,Race/Ethnicity (Detailed),White,Patient Education,6,8,75.
077,Mar 2026,Race/Ethnicity,White,Patient Education,6,8,75.
078,Feb 2026,Race/Ethnicity (Detailed),Asian,Patient Education,0,0,
078,Jan 2026,Race/Ethnicity (Detailed),Asian,Patient Education,0,0,
078,Mar 2026,Race/Ethnicity (Detailed),Asian,Patient Education,0,0,
078,Feb 2026,Race/Ethnicity (Detailed),Black/African American,Patient Education,0,0,
078,Jan 2026,Race/Ethnicity (Detailed),Black/African American,Patient Education,0,0,
078,Mar 2026,Race/Ethnicity (Detailed),Black/African American,Patient Education,0,0,
078,Feb 2026,Race/Ethnicity (Detailed),Hispanic/Latino,Patient Education,0,0,
078,Jan 2026,Race/Ethnicity (Detailed),Hispanic/Latino,Patient Education,0,0,
078,Mar 2026,Race/Ethnicity (Detailed),Hispanic/Latino,Patient Education,0,0,
078,Feb 2026,Primary Language,Other,Patient Education,0,0,
078,Feb 2026,Race/Ethnicity (Detailed),Other,Patient Education,0,0,
078,Jan 2026,Race/Ethnicity (Detailed),Other,Patient Education,0,0,
078,Jan 2026,Primary Language,Other,Patient Education,0,0,
078,Mar 2026,Race/Ethnicity (Detailed),Other,Patient Education,0,0,
078,Mar 2026,Primary Language,Other,Patient Education,0,0,
078,Feb 2026,Insurance,Private,Patient Education,0,0,
078,Jan 2026,Insurance,Private,Patient Education,0,0,
078,Mar 2026,Insurance,Private,Patient Education,0,0,
078,Feb 2026,Insurance,Public,Patient Education,0,0,
078,Jan 2026,Insurance,Public,Patient Education,0,0,
078,Mar 2026,Insurance,Public,Patient Education,0,0,
078,Feb 2026,Race/Ethnicity (Detailed),Race Not Documented,Patient Education,0,0,
078,Jan 2026,Race/Ethnicity (Detailed),Race Not Documented,Patient Education,0,0,
078,Mar 2026,Race/Ethnicity (Detailed),Race Not Documented,Patient Education,0,0,
078,Feb 2026,Race/Ethnicity (Detailed),White,Patient Education,0,0,
078,Feb 2026,Race/Ethnicity,White,Patient Education,0,0,
078,Jan 2026,Race/Ethnicity,White,Patient Education,0,0,
078,Jan 2026,Race/Ethnicity (Detailed),White,Patient Education,0,0,
078,Mar 2026,Race/Ethnicity (Detailed),White,Patient Education,0,0,
078,Mar 2026,Race/Ethnicity,White,Patient Education,0,0,
079,Feb 2026,Race/Ethnicity (Detailed),Asian,Patient Education,0,0,
079,Jan 2026,Race/Ethnicity (Detailed),Asian,Patient Education,0,0,
079,Mar 2026,Race/Ethnicity (Detailed),Asian,Patient Education,0,0,
079,Feb 2026,Race/Ethnicity (Detailed),Black/African American,Patient Education,0,0,
079,Jan 2026,Race/Ethnicity (Detailed),Black/African American,Patient Education,0,0,
079,Mar 2026,Race/Ethnicity (Detailed),Black/African American,Patient Education,0,0,
079,Feb 2026,Race/Ethnicity (Detailed),Hispanic/Latino,Patient Education,0,0,
079,Jan 2026,Race/Ethnicity (Detailed),Hispanic/Latino,Patient Education,0,0,
079,Mar 2026,Race/Ethnicity (Detailed),Hispanic/Latino,Patient Education,0,0,
079,Feb 2026,Race/Ethnicity (Detailed),Other,Patient Education,0,0,
079,Feb 2026,Primary Language,Other,Patient Education,0,0,
079,Jan 2026,Primary Language,Other,Patient Education,0,0,
079,Jan 2026,Race/Ethnicity (Detailed),Other,Patient Education,0,0,
079,Mar 2026,Race/Ethnicity (Detailed),Other,Patient Education,0,0,
079,Mar 2026,Primary Language,Other,Patient Education,0,0,
079,Feb 2026,Insurance,Private,Patient Education,0,0,
079,Jan 2026,Insurance,Private,Patient Education,0,0,
079,Mar 2026,Insurance,Private,Patient Education,0,0,
079,Feb 2026,Insurance,Public,Patient Education,0,0,
079,Jan 2026,Insurance,Public,Patient Education,0,0,
079,Mar 2026,Insurance,Public,Patient Education,0,0,
079,Feb 2026,Race/Ethnicity (Detailed),Race Not Documented,Patient Education,0,0,
079,Jan 2026,Race/Ethnicity (Detailed),Race Not Documented,Patient Education,0,0,
079,Mar 2026,Race/Ethnicity (Detailed),Race Not Documented,Patient Education,0,0,
079,Feb 2026,Race/Ethnicity,White,Patient Education,0,0,
079,Feb 2026,Race/Ethnicity (Detailed),White,Patient Education,0,0,
079,Jan 2026,Race/Ethnicity (Detailed),White,Patient Education,0,0,
079,Jan 2026,Race/Ethnicity,White,Patient Education,0,0,
079,Mar 2026,Race/Ethnicity,White,Patient Education,0,0,
079,Mar 2026,Race/Ethnicity (Detailed),White,Patient Education,0,0,
080,Feb 2026,Race/Ethnicity (Detailed),Asian,Patient Education,0,0,
080,Jan 2026,Race/Ethnicity (Detailed),Asian,Patient Education,0,0,
080,Mar 2026,Race/Ethnicity (Detailed),Asian,Patient Education,0,0,
080,Feb 2026,Race/Ethnicity (Detailed),Black/African American,Patient Education,0,0,
080,Jan 2026,Race/Ethnicity (Detailed),Black/African American,Patient Education,0,0,
080,Mar 2026,Race/Ethnicity (Detailed),Black/African American,Patient Education,0,0,
080,Feb 2026,Race/Ethnicity (Detailed),Hispanic/Latino,Patient Education,0,0,
080,Jan 2026,Race/Ethnicity (Detailed),Hispanic/Latino,Patient Education,0,0,
080,Mar 2026,Race/Ethnicity (Detailed),Hispanic/Latino,Patient Education,0,0,
080,Feb 2026,Race/Ethnicity (Detailed),Other,Patient Education,0,0,
080,Feb 2026,Primary Language,Other,Patient Education,0,0,
080,Jan 2026,Primary Language,Other,Patient Education,0,0,
080,Jan 2026,Race/Ethnicity (Detailed),Other,Patient Education,0,0,
080,Mar 2026,Race/Ethnicity (Detailed),Other,Patient Education,0,0,
080,Mar 2026,Primary Language,Other,Patient Education,0,0,
080,Feb 2026,Insurance,Private,Patient Education,0,0,
080,Jan 2026,Insurance,Private,Patient Education,0,0,
080,Mar 2026,Insurance,Private,Patient Education,0,0,
080,Feb 2026,Insurance,Public,Patient Education,0,0,
080,Jan 2026,Insurance,Public,Patient Education,0,0,
080,Mar 2026,Insurance,Public,Patient Education,0,0,
080,Feb 2026,Race/Ethnicity (Detailed),Race Not Documented,Patient Education,0,0,
080,Jan 2026,Race/Ethnicity (Detailed),Race Not Documented,Patient Education,0,0,
080,Mar 2026,Race/Ethnicity (Detailed),Race Not Documented,Patient Education,0,0,
080,Feb 2026,Race/Ethnicity,White,Patient Education,0,0,
080,Feb 2026,Race/Ethnicity (Detailed),White,Patient Education,0,0,
080,Jan 2026,Race/Ethnicity (Detailed),White,Patient Education,0,0,
080,Jan 2026,Race/Ethnicity,White,Patient Education,0,0,
080,Mar 2026,Race/Ethnicity,White,Patient Education,0,0,
080,Mar 2026,Race/Ethnicity (Detailed),White,Patient Education,0,0,
081,Feb 2026,Race/Ethnicity (Detailed),Asian,Patient Education,0,0,
081,Jan 2026,Race/Ethnicity (Detailed),Asian,Patient Education,0,0,
081,Mar 2026,Race/Ethnicity (Detailed),Asian,Patient Education,0,0,
081,Feb 2026,Race/Ethnicity (Detailed),Black/African American,Patient Education,7,7,100.
081,Jan 2026,Race/Ethnicity (Detailed),Black/African American,Patient Education,6,7,85.71
081,Mar 2026,Race/Ethnicity (Detailed),Black/African American,Patient Education,7,7,100.
081,Feb 2026,Race/Ethnicity (Detailed),Hispanic/Latino,Patient Education,2,2,100.
081,Jan 2026,Race/Ethnicity (Detailed),Hispanic/Latino,Patient Education,1,1,100.
081,Mar 2026,Race/Ethnicity (Detailed),Hispanic/Latino,Patient Education,2,2,100.
081,Feb 2026,Primary Language,Other,Patient Education,2,2,100.
081,Feb 2026,Race/Ethnicity (Detailed),Other,Patient Education,1,1,100.
081,Jan 2026,Race/Ethnicity (Detailed),Other,Patient Education,0,0,
081,Jan 2026,Primary Language,Other,Patient Education,0,0,
081,Mar 2026,Primary Language,Other,Patient Education,1,1,100.
081,Mar 2026,Race/Ethnicity (Detailed),Other,Patient Education,0,0,
081,Feb 2026,Insurance,Private,Patient Education,1,1,100.
081,Jan 2026,Insurance,Private,Patient Education,2,2,100.
081,Mar 2026,Insurance,Private,Patient Education,3,3,100.
081,Feb 2026,Insurance,Public,Patient Education,8,8,100.
081,Jan 2026,Insurance,Public,Patient Education,7,8,87.5
081,Mar 2026,Insurance,Public,Patient Education,7,7,100.
081,Feb 2026,Race/Ethnicity (Detailed),Race Not Documented,Patient Education,0,0,
081,Jan 2026,Race/Ethnicity (Detailed),Race Not Documented,Patient Education,0,0,
081,Mar 2026,Race/Ethnicity (Detailed),Race Not Documented,Patient Education,0,0,
081,Feb 2026,Race/Ethnicity (Detailed),White,Patient Education,0,0,
081,Feb 2026,Race/Ethnicity,White,Patient Education,0,0,
081,Jan 2026,Race/Ethnicity,White,Patient Education,2,2,100.
081,Jan 2026,Race/Ethnicity (Detailed),White,Patient Education,2,2,100.
081,Mar 2026,Race/Ethnicity (Detailed),White,Patient Education,1,1,100.
081,Mar 2026,Race/Ethnicity,White,Patient Education,1,1,100.
082,Feb 2026,Race/Ethnicity (Detailed),Asian,Patient Education,0,0,
082,Jan 2026,Race/Ethnicity (Detailed),Asian,Patient Education,0,0,
082,Mar 2026,Race/Ethnicity (Detailed),Asian,Patient Education,0,0,
082,Feb 2026,Race/Ethnicity (Detailed),Black/African American,Patient Education,0,0,
082,Jan 2026,Race/Ethnicity (Detailed),Black/African American,Patient Education,0,0,
082,Mar 2026,Race/Ethnicity (Detailed),Black/African American,Patient Education,0,0,
082,Feb 2026,Race/Ethnicity (Detailed),Hispanic/Latino,Patient Education,0,0,
082,Jan 2026,Race/Ethnicity (Detailed),Hispanic/Latino,Patient Education,0,0,
082,Mar 2026,Race/Ethnicity (Detailed),Hispanic/Latino,Patient Education,0,0,
082,Feb 2026,Primary Language,Other,Patient Education,0,0,
082,Feb 2026,Race/Ethnicity (Detailed),Other,Patient Education,0,0,
082,Jan 2026,Race/Ethnicity (Detailed),Other,Patient Education,0,0,
082,Jan 2026,Primary Language,Other,Patient Education,0,0,
082,Mar 2026,Primary Language,Other,Patient Education,0,0,
082,Mar 2026,Race/Ethnicity (Detailed),Other,Patient Education,0,0,
082,Feb 2026,Insurance,Private,Patient Education,0,0,
082,Jan 2026,Insurance,Private,Patient Education,0,0,
082,Mar 2026,Insurance,Private,Patient Education,0,0,
082,Feb 2026,Insurance,Public,Patient Education,0,0,
082,Jan 2026,Insurance,Public,Patient Education,0,0,
082,Mar 2026,Insurance,Public,Patient Education,0,0,
082,Feb 2026,Race/Ethnicity (Detailed),Race Not Documented,Patient Education,0,0,
082,Jan 2026,Race/Ethnicity (Detailed),Race Not Documented,Patient Education,0,0,
082,Mar 2026,Race/Ethnicity (Detailed),Race Not Documented,Patient Education,0,0,
082,Feb 2026,Race/Ethnicity (Detailed),White,Patient Education,0,0,
082,Feb 2026,Race/Ethnicity,White,Patient Education,0,0,
082,Jan 2026,Race/Ethnicity,White,Patient Education,0,0,
082,Jan 2026,Race/Ethnicity (Detailed),White,Patient Education,0,0,
082,Mar 2026,Race/Ethnicity (Detailed),White,Patient Education,0,0,
082,Mar 2026,Race/Ethnicity,White,Patient Education,0,0,
083,Feb 2026,Race/Ethnicity (Detailed),Asian,Patient Education,0,0,
083,Jan 2026,Race/Ethnicity (Detailed),Asian,Patient Education,0,0,
083,Mar 2026,Race/Ethnicity (Detailed),Asian,Patient Education,0,0,
083,Feb 2026,Race/Ethnicity (Detailed),Black/African American,Patient Education,0,0,
083,Jan 2026,Race/Ethnicity (Detailed),Black/African American,Patient Education,0,0,
083,Mar 2026,Race/Ethnicity (Detailed),Black/African American,Patient Education,0,0,
083,Feb 2026,Race/Ethnicity (Detailed),Hispanic/Latino,Patient Education,1,1,100.
083,Jan 2026,Race/Ethnicity (Detailed),Hispanic/Latino,Patient Education,0,0,
083,Mar 2026,Race/Ethnicity (Detailed),Hispanic/Latino,Patient Education,3,3,100.
083,Feb 2026,Race/Ethnicity (Detailed),Other,Patient Education,0,0,
083,Feb 2026,Primary Language,Other,Patient Education,1,1,100.
083,Jan 2026,Primary Language,Other,Patient Education,0,0,
083,Jan 2026,Race/Ethnicity (Detailed),Other,Patient Education,0,0,
083,Mar 2026,Race/Ethnicity (Detailed),Other,Patient Education,0,0,
083,Mar 2026,Primary Language,Other,Patient Education,1,1,100.
083,Feb 2026,Insurance,Private,Patient Education,5,5,100.
083,Jan 2026,Insurance,Private,Patient Education,6,6,100.
083,Mar 2026,Insurance,Private,Patient Education,8,8,100.
083,Feb 2026,Insurance,Public,Patient Education,5,5,100.
083,Jan 2026,Insurance,Public,Patient Education,4,4,100.
083,Mar 2026,Insurance,Public,Patient Education,2,2,100.
083,Feb 2026,Race/Ethnicity (Detailed),Race Not Documented,Patient Education,0,0,
083,Jan 2026,Race/Ethnicity (Detailed),Race Not Documented,Patient Education,0,0,
083,Mar 2026,Race/Ethnicity (Detailed),Race Not Documented,Patient Education,0,0,
083,Feb 2026,Race/Ethnicity,White,Patient Education,9,9,100.
083,Feb 2026,Race/Ethnicity (Detailed),White,Patient Education,9,9,100.
083,Jan 2026,Race/Ethnicity (Detailed),White,Patient Education,0,0,
083,Jan 2026,Race/Ethnicity,White,Patient Education,10,10,100.
083,Mar 2026,Race/Ethnicity,White,Patient Education,7,7,100.
083,Mar 2026,Race/Ethnicity (Detailed),White,Patient Education,7,7,100.
084,Feb 2026,Race/Ethnicity (Detailed),Asian,Patient Education,0,0,
084,Jan 2026,Race/Ethnicity (Detailed),Asian,Patient Education,0,0,
084,Mar 2026,Race/Ethnicity (Detailed),Asian,Patient Education,0,0,
084,Feb 2026,Race/Ethnicity (Detailed),Black/African American,Patient Education,0,0,
084,Jan 2026,Race/Ethnicity (Detailed),Black/African American,Patient Education,0,0,
084,Mar 2026,Race/Ethnicity (Detailed),Black/African American,Patient Education,0,0,
084,Feb 2026,Race/Ethnicity (Detailed),Hispanic/Latino,Patient Education,0,0,
084,Jan 2026,Race/Ethnicity (Detailed),Hispanic/Latino,Patient Education,0,0,
084,Mar 2026,Race/Ethnicity (Detailed),Hispanic/Latino,Patient Education,0,0,
084,Feb 2026,Race/Ethnicity (Detailed),Other,Patient Education,0,0,
084,Feb 2026,Primary Language,Other,Patient Education,0,0,
084,Jan 2026,Race/Ethnicity (Detailed),Other,Patient Education,0,0,
084,Jan 2026,Primary Language,Other,Patient Education,0,0,
084,Mar 2026,Race/Ethnicity (Detailed),Other,Patient Education,0,0,
084,Mar 2026,Primary Language,Other,Patient Education,0,0,
084,Feb 2026,Insurance,Private,Patient Education,0,0,
084,Jan 2026,Insurance,Private,Patient Education,0,0,
084,Mar 2026,Insurance,Private,Patient Education,0,0,
084,Feb 2026,Insurance,Public,Patient Education,0,0,
084,Jan 2026,Insurance,Public,Patient Education,0,0,
084,Mar 2026,Insurance,Public,Patient Education,0,0,
084,Feb 2026,Race/Ethnicity (Detailed),Race Not Documented,Patient Education,0,0,
084,Jan 2026,Race/Ethnicity (Detailed),Race Not Documented,Patient Education,0,0,
084,Mar 2026,Race/Ethnicity (Detailed),Race Not Documented,Patient Education,0,0,
084,Feb 2026,Race/Ethnicity (Detailed),White,Patient Education,0,0,
084,Feb 2026,Race/Ethnicity,White,Patient Education,0,0,
084,Jan 2026,Race/Ethnicity (Detailed),White,Patient Education,0,0,
084,Jan 2026,Race/Ethnicity,White,Patient Education,0,0,
084,Mar 2026,Race/Ethnicity (Detailed),White,Patient Education,0,0,
084,Mar 2026,Race/Ethnicity,White,Patient Education,0,0,
085,Feb 2026,Race/Ethnicity (Detailed),Asian,Patient Education,0,0,
085,Jan 2026,Race/Ethnicity (Detailed),Asian,Patient Education,0,0,
085,Mar 2026,Race/Ethnicity (Detailed),Asian,Patient Education,0,0,
085,Feb 2026,Race/Ethnicity (Detailed),Black/African American,Patient Education,1,1,100.
085,Jan 2026,Race/Ethnicity (Detailed),Black/African American,Patient Education,1,1,100.
085,Mar 2026,Race/Ethnicity (Detailed),Black/African American,Patient Education,2,2,100.
085,Feb 2026,Race/Ethnicity (Detailed),Hispanic/Latino,Patient Education,0,0,
085,Jan 2026,Race/Ethnicity (Detailed),Hispanic/Latino,Patient Education,0,0,
085,Mar 2026,Race/Ethnicity (Detailed),Hispanic/Latino,Patient Education,0,0,
085,Feb 2026,Primary Language,Other,Patient Education,0,0,
085,Feb 2026,Race/Ethnicity (Detailed),Other,Patient Education,0,0,
085,Jan 2026,Race/Ethnicity (Detailed),Other,Patient Education,0,0,
085,Jan 2026,Primary Language,Other,Patient Education,0,0,
085,Mar 2026,Primary Language,Other,Patient Education,0,0,
085,Mar 2026,Race/Ethnicity (Detailed),Other,Patient Education,0,0,
085,Feb 2026,Insurance,Private,Patient Education,1,1,100.
085,Jan 2026,Insurance,Private,Patient Education,4,4,100.
085,Mar 2026,Insurance,Private,Patient Education,2,2,100.
085,Feb 2026,Insurance,Public,Patient Education,1,1,100.
085,Jan 2026,Insurance,Public,Patient Education,5,5,100.
085,Mar 2026,Insurance,Public,Patient Education,2,2,100.
085,Feb 2026,Race/Ethnicity (Detailed),Race Not Documented,Patient Education,0,0,
085,Jan 2026,Race/Ethnicity (Detailed),Race Not Documented,Patient Education,0,0,
085,Mar 2026,Race/Ethnicity (Detailed),Race Not Documented,Patient Education,0,0,
085,Feb 2026,Race/Ethnicity (Detailed),White,Patient Education,1,1,100.
085,Feb 2026,Race/Ethnicity,White,Patient Education,1,1,100.
085,Jan 2026,Race/Ethnicity,White,Patient Education,8,8,100.
085,Jan 2026,Race/Ethnicity (Detailed),White,Patient Education,8,8,100.
085,Mar 2026,Race/Ethnicity (Detailed),White,Patient Education,2,2,100.
085,Mar 2026,Race/Ethnicity,White,Patient Education,2,2,100.
086,Feb 2026,Race/Ethnicity (Detailed),Asian,Patient Education,0,0,
086,Jan 2026,Race/Ethnicity (Detailed),Asian,Patient Education,0,0,
086,Mar 2026,Race/Ethnicity (Detailed),Asian,Patient Education,0,0,
086,Feb 2026,Race/Ethnicity (Detailed),Black/African American,Patient Education,0,0,
086,Jan 2026,Race/Ethnicity (Detailed),Black/African American,Patient Education,0,0,
086,Mar 2026,Race/Ethnicity (Detailed),Black/African American,Patient Education,0,0,
086,Feb 2026,Race/Ethnicity (Detailed),Hispanic/Latino,Patient Education,0,0,
086,Jan 2026,Race/Ethnicity (Detailed),Hispanic/Latino,Patient Education,0,0,
086,Mar 2026,Race/Ethnicity (Detailed),Hispanic/Latino,Patient Education,0,0,
086,Feb 2026,Primary Language,Other,Patient Education,0,0,
086,Feb 2026,Race/Ethnicity (Detailed),Other,Patient Education,0,0,
086,Jan 2026,Race/Ethnicity (Detailed),Other,Patient Education,0,0,
086,Jan 2026,Primary Language,Other,Patient Education,0,0,
086,Mar 2026,Primary Language,Other,Patient Education,0,0,
086,Mar 2026,Race/Ethnicity (Detailed),Other,Patient Education,0,0,
086,Feb 2026,Insurance,Private,Patient Education,0,0,
086,Jan 2026,Insurance,Private,Patient Education,0,0,
086,Mar 2026,Insurance,Private,Patient Education,0,0,
086,Feb 2026,Insurance,Public,Patient Education,0,0,
086,Jan 2026,Insurance,Public,Patient Education,0,0,
086,Mar 2026,Insurance,Public,Patient Education,0,0,
086,Feb 2026,Race/Ethnicity (Detailed),Race Not Documented,Patient Education,0,0,
086,Jan 2026,Race/Ethnicity (Detailed),Race Not Documented,Patient Education,0,0,
086,Mar 2026,Race/Ethnicity (Detailed),Race Not Documented,Patient Education,0,0,
086,Feb 2026,Race/Ethnicity (Detailed),White,Patient Education,0,0,
086,Feb 2026,Race/Ethnicity,White,Patient Education,0,0,
086,Jan 2026,Race/Ethnicity,White,Patient Education,0,0,
086,Jan 2026,Race/Ethnicity (Detailed),White,Patient Education,0,0,
086,Mar 2026,Race/Ethnicity (Detailed),White,Patient Education,0,0,
086,Mar 2026,Race/Ethnicity,White,Patient Education,0,0,
087,Feb 2026,Race/Ethnicity (Detailed),Asian,Patient Education,0,0,
087,Jan 2026,Race/Ethnicity (Detailed),Asian,Patient Education,0,0,
087,Mar 2026,Race/Ethnicity (Detailed),Asian,Patient Education,0,0,
087,Feb 2026,Race/Ethnicity (Detailed),Black/African American,Patient Education,1,1,100.
087,Jan 2026,Race/Ethnicity (Detailed),Black/African American,Patient Education,4,4,100.
087,Mar 2026,Race/Ethnicity (Detailed),Black/African American,Patient Education,1,1,100.
087,Feb 2026,Race/Ethnicity (Detailed),Hispanic/Latino,Patient Education,0,0,
087,Jan 2026,Race/Ethnicity (Detailed),Hispanic/Latino,Patient Education,0,0,
087,Mar 2026,Race/Ethnicity (Detailed),Hispanic/Latino,Patient Education,0,0,
087,Feb 2026,Race/Ethnicity (Detailed),Other,Patient Education,1,1,100.
087,Feb 2026,Primary Language,Other,Patient Education,0,0,
087,Jan 2026,Primary Language,Other,Patient Education,1,1,100.
087,Jan 2026,Race/Ethnicity (Detailed),Other,Patient Education,1,1,100.
087,Mar 2026,Race/Ethnicity (Detailed),Other,Patient Education,0,0,
087,Mar 2026,Primary Language,Other,Patient Education,0,0,
087,Feb 2026,Insurance,Private,Patient Education,7,7,100.
087,Jan 2026,Insurance,Private,Patient Education,3,3,100.
087,Mar 2026,Insurance,Private,Patient Education,7,7,100.
087,Feb 2026,Insurance,Public,Patient Education,3,3,100.
087,Jan 2026,Insurance,Public,Patient Education,7,7,100.
087,Mar 2026,Insurance,Public,Patient Education,3,3,100.
087,Feb 2026,Race/Ethnicity (Detailed),Race Not Documented,Patient Education,0,0,
087,Jan 2026,Race/Ethnicity (Detailed),Race Not Documented,Patient Education,0,0,
087,Mar 2026,Race/Ethnicity (Detailed),Race Not Documented,Patient Education,0,0,
087,Feb 2026,Race/Ethnicity,White,Patient Education,8,8,100.
087,Feb 2026,Race/Ethnicity (Detailed),White,Patient Education,8,8,100.
087,Jan 2026,Race/Ethnicity (Detailed),White,Patient Education,5,5,100.
087,Jan 2026,Race/Ethnicity,White,Patient Education,5,5,100.
087,Mar 2026,Race/Ethnicity,White,Patient Education,9,9,100.
087,Mar 2026,Race/Ethnicity (Detailed),White,Patient Education,9,9,100.
088,Feb 2026,Race/Ethnicity (Detailed),Asian,Patient Education,0,0,
088,Jan 2026,Race/Ethnicity (Detailed),Asian,Patient Education,0,0,
088,Mar 2026,Race/Ethnicity (Detailed),Asian,Patient Education,0,0,
088,Feb 2026,Race/Ethnicity (Detailed),Black/African American,Patient Education,0,0,
088,Jan 2026,Race/Ethnicity (Detailed),Black/African American,Patient Education,0,0,
088,Mar 2026,Race/Ethnicity (Detailed),Black/African American,Patient Education,0,0,
088,Feb 2026,Race/Ethnicity (Detailed),Hispanic/Latino,Patient Education,0,0,
088,Jan 2026,Race/Ethnicity (Detailed),Hispanic/Latino,Patient Education,0,0,
088,Mar 2026,Race/Ethnicity (Detailed),Hispanic/Latino,Patient Education,0,0,
088,Feb 2026,Race/Ethnicity (Detailed),Other,Patient Education,0,0,
088,Feb 2026,Primary Language,Other,Patient Education,0,0,
088,Jan 2026,Primary Language,Other,Patient Education,0,0,
088,Jan 2026,Race/Ethnicity (Detailed),Other,Patient Education,0,0,
088,Mar 2026,Race/Ethnicity (Detailed),Other,Patient Education,0,0,
088,Mar 2026,Primary Language,Other,Patient Education,0,0,
088,Feb 2026,Insurance,Private,Patient Education,0,0,
088,Jan 2026,Insurance,Private,Patient Education,0,0,
088,Mar 2026,Insurance,Private,Patient Education,0,0,
088,Feb 2026,Insurance,Public,Patient Education,0,0,
088,Jan 2026,Insurance,Public,Patient Education,0,0,
088,Mar 2026,Insurance,Public,Patient Education,0,0,
088,Feb 2026,Race/Ethnicity (Detailed),Race Not Documented,Patient Education,0,0,
088,Jan 2026,Race/Ethnicity (Detailed),Race Not Documented,Patient Education,0,0,
088,Mar 2026,Race/Ethnicity (Detailed),Race Not Documented,Patient Education,0,0,
088,Feb 2026,Race/Ethnicity,White,Patient Education,0,0,
088,Feb 2026,Race/Ethnicity (Detailed),White,Patient Education,0,0,
088,Jan 2026,Race/Ethnicity (Detailed),White,Patient Education,0,0,
088,Jan 2026,Race/Ethnicity,White,Patient Education,0,0,
088,Mar 2026,Race/Ethnicity,White,Patient Education,0,0,
088,Mar 2026,Race/Ethnicity (Detailed),White,Patient Education,0,0,
089,Feb 2026,Race/Ethnicity (Detailed),Asian,Patient Education,0,0,
089,Jan 2026,Race/Ethnicity (Detailed),Asian,Patient Education,0,0,
089,Mar 2026,Race/Ethnicity (Detailed),Asian,Patient Education,0,0,
089,Feb 2026,Race/Ethnicity (Detailed),Black/African American,Patient Education,0,0,
089,Jan 2026,Race/Ethnicity (Detailed),Black/African American,Patient Education,0,0,
089,Mar 2026,Race/Ethnicity (Detailed),Black/African American,Patient Education,0,0,
089,Feb 2026,Race/Ethnicity (Detailed),Hispanic/Latino,Patient Education,0,0,
089,Jan 2026,Race/Ethnicity (Detailed),Hispanic/Latino,Patient Education,2,2,100.
089,Mar 2026,Race/Ethnicity (Detailed),Hispanic/Latino,Patient Education,1,1,100.
089,Feb 2026,Primary Language,Other,Patient Education,0,0,
089,Feb 2026,Race/Ethnicity (Detailed),Other,Patient Education,0,0,
089,Jan 2026,Race/Ethnicity (Detailed),Other,Patient Education,0,0,
089,Jan 2026,Primary Language,Other,Patient Education,0,0,
089,Mar 2026,Primary Language,Other,Patient Education,1,1,100.
089,Mar 2026,Race/Ethnicity (Detailed),Other,Patient Education,0,0,
089,Feb 2026,Insurance,Private,Patient Education,3,3,100.
089,Jan 2026,Insurance,Private,Patient Education,4,4,100.
089,Mar 2026,Insurance,Private,Patient Education,4,4,100.
089,Feb 2026,Insurance,Public,Patient Education,2,2,100.
089,Jan 2026,Insurance,Public,Patient Education,4,4,100.
089,Mar 2026,Insurance,Public,Patient Education,0,0,
089,Feb 2026,Race/Ethnicity (Detailed),Race Not Documented,Patient Education,0,0,
089,Jan 2026,Race/Ethnicity (Detailed),Race Not Documented,Patient Education,0,0,
089,Mar 2026,Race/Ethnicity (Detailed),Race Not Documented,Patient Education,0,0,
089,Feb 2026,Race/Ethnicity (Detailed),White,Patient Education,0,0,
089,Feb 2026,Race/Ethnicity,White,Patient Education,5,5,100.
089,Jan 2026,Race/Ethnicity,White,Patient Education,7,7,100.
089,Jan 2026,Race/Ethnicity (Detailed),White,Patient Education,6,6,100.
089,Mar 2026,Race/Ethnicity (Detailed),White,Patient Education,3,3,100.
089,Mar 2026,Race/Ethnicity,White,Patient Education,3,3,100.
090,Feb 2026,Race/Ethnicity (Detailed),Asian,Patient Education,0,0,
090,Jan 2026,Race/Ethnicity (Detailed),Asian,Patient Education,0,0,
090,Mar 2026,Race/Ethnicity (Detailed),Asian,Patient Education,0,0,
090,Feb 2026,Race/Ethnicity (Detailed),Black/African American,Patient Education,0,1,0.
090,Jan 2026,Race/Ethnicity (Detailed),Black/African American,Patient Education,0,0,
090,Mar 2026,Race/Ethnicity (Detailed),Black/African American,Patient Education,1,2,50.
090,Feb 2026,Race/Ethnicity (Detailed),Hispanic/Latino,Patient Education,0,1,0.
090,Jan 2026,Race/Ethnicity (Detailed),Hispanic/Latino,Patient Education,0,4,0.
090,Mar 2026,Race/Ethnicity (Detailed),Hispanic/Latino,Patient Education,1,3,33.33
090,Feb 2026,Primary Language,Other,Patient Education,0,0,
090,Feb 2026,Race/Ethnicity (Detailed),Other,Patient Education,0,0,
090,Jan 2026,Race/Ethnicity (Detailed),Other,Patient Education,0,2,0.
090,Jan 2026,Primary Language,Other,Patient Education,0,2,0.
090,Mar 2026,Primary Language,Other,Patient Education,0,0,
090,Mar 2026,Race/Ethnicity (Detailed),Other,Patient Education,0,0,
090,Feb 2026,Insurance,Private,Patient Education,0,8,0.
090,Jan 2026,Insurance,Private,Patient Education,0,7,0.
090,Mar 2026,Insurance,Private,Patient Education,0,5,0.
090,Feb 2026,Insurance,Public,Patient Education,0,2,0.
090,Jan 2026,Insurance,Public,Patient Education,0,3,0.
090,Mar 2026,Insurance,Public,Patient Education,2,5,40.
090,Feb 2026,Race/Ethnicity (Detailed),Race Not Documented,Patient Education,0,0,
090,Jan 2026,Race/Ethnicity (Detailed),Race Not Documented,Patient Education,0,0,
090,Mar 2026,Race/Ethnicity (Detailed),Race Not Documented,Patient Education,0,0,
090,Feb 2026,Race/Ethnicity (Detailed),White,Patient Education,0,8,0.
090,Feb 2026,Race/Ethnicity,White,Patient Education,0,8,0.
090,Jan 2026,Race/Ethnicity,White,Patient Education,0,4,0.
090,Jan 2026,Race/Ethnicity (Detailed),White,Patient Education,0,4,0.
090,Mar 2026,Race/Ethnicity (Detailed),White,Patient Education,0,6,0.
090,Mar 2026,Race/Ethnicity,White,Patient Education,0,6,0.
091,Feb 2026,Race/Ethnicity (Detailed),Asian,Patient Education,0,0,
091,Jan 2026,Race/Ethnicity (Detailed),Asian,Patient Education,0,0,
091,Mar 2026,Race/Ethnicity (Detailed),Asian,Patient Education,0,0,
091,Feb 2026,Race/Ethnicity (Detailed),Black/African American,Patient Education,0,0,
091,Jan 2026,Race/Ethnicity (Detailed),Black/African American,Patient Education,0,0,
091,Mar 2026,Race/Ethnicity (Detailed),Black/African American,Patient Education,0,0,
091,Feb 2026,Race/Ethnicity (Detailed),Hispanic/Latino,Patient Education,0,0,
091,Jan 2026,Race/Ethnicity (Detailed),Hispanic/Latino,Patient Education,0,0,
091,Mar 2026,Race/Ethnicity (Detailed),Hispanic/Latino,Patient Education,0,0,
091,Feb 2026,Race/Ethnicity (Detailed),Other,Patient Education,0,0,
091,Feb 2026,Primary Language,Other,Patient Education,0,0,
091,Jan 2026,Primary Language,Other,Patient Education,0,0,
091,Jan 2026,Race/Ethnicity (Detailed),Other,Patient Education,0,0,
091,Mar 2026,Race/Ethnicity (Detailed),Other,Patient Education,0,0,
091,Mar 2026,Primary Language,Other,Patient Education,0,0,
091,Feb 2026,Insurance,Private,Patient Education,0,0,
091,Jan 2026,Insurance,Private,Patient Education,0,0,
091,Mar 2026,Insurance,Private,Patient Education,0,0,
091,Feb 2026,Insurance,Public,Patient Education,0,0,
091,Jan 2026,Insurance,Public,Patient Education,0,0,
091,Mar 2026,Insurance,Public,Patient Education,0,0,
091,Feb 2026,Race/Ethnicity (Detailed),Race Not Documented,Patient Education,0,0,
091,Jan 2026,Race/Ethnicity (Detailed),Race Not Documented,Patient Education,0,0,
091,Mar 2026,Race/Ethnicity (Detailed),Race Not Documented,Patient Education,0,0,
091,Feb 2026,Race/Ethnicity,White,Patient Education,0,0,
091,Feb 2026,Race/Ethnicity (Detailed),White,Patient Education,0,0,
091,Jan 2026,Race/Ethnicity (Detailed),White,Patient Education,0,0,
091,Jan 2026,Race/Ethnicity,White,Patient Education,0,0,
091,Mar 2026,Race/Ethnicity,White,Patient Education,0,0,
091,Mar 2026,Race/Ethnicity (Detailed),White,Patient Education,0,0,
092,Feb 2026,Race/Ethnicity (Detailed),Asian,Patient Education,0,0,
092,Jan 2026,Race/Ethnicity (Detailed),Asian,Patient Education,0,0,
092,Mar 2026,Race/Ethnicity (Detailed),Asian,Patient Education,0,0,
092,Feb 2026,Race/Ethnicity (Detailed),Black/African American,Patient Education,0,0,
092,Jan 2026,Race/Ethnicity (Detailed),Black/African American,Patient Education,0,0,
092,Mar 2026,Race/Ethnicity (Detailed),Black/African American,Patient Education,0,0,
092,Feb 2026,Race/Ethnicity (Detailed),Hispanic/Latino,Patient Education,0,0,
092,Jan 2026,Race/Ethnicity (Detailed),Hispanic/Latino,Patient Education,0,0,
092,Mar 2026,Race/Ethnicity (Detailed),Hispanic/Latino,Patient Education,0,0,
092,Feb 2026,Primary Language,Other,Patient Education,0,0,
092,Feb 2026,Race/Ethnicity (Detailed),Other,Patient Education,0,0,
092,Jan 2026,Primary Language,Other,Patient Education,0,0,
092,Jan 2026,Race/Ethnicity (Detailed),Other,Patient Education,0,0,
092,Mar 2026,Primary Language,Other,Patient Education,0,0,
092,Mar 2026,Race/Ethnicity (Detailed),Other,Patient Education,0,0,
092,Feb 2026,Insurance,Private,Patient Education,0,0,
092,Jan 2026,Insurance,Private,Patient Education,0,0,
092,Mar 2026,Insurance,Private,Patient Education,0,0,
092,Feb 2026,Insurance,Public,Patient Education,0,0,
092,Jan 2026,Insurance,Public,Patient Education,0,0,
092,Mar 2026,Insurance,Public,Patient Education,0,0,
092,Feb 2026,Race/Ethnicity (Detailed),Race Not Documented,Patient Education,0,0,
092,Jan 2026,Race/Ethnicity (Detailed),Race Not Documented,Patient Education,0,0,
092,Mar 2026,Race/Ethnicity (Detailed),Race Not Documented,Patient Education,0,0,
092,Feb 2026,Race/Ethnicity,White,Patient Education,0,0,
092,Feb 2026,Race/Ethnicity (Detailed),White,Patient Education,0,0,
092,Jan 2026,Race/Ethnicity,White,Patient Education,0,0,
092,Jan 2026,Race/Ethnicity (Detailed),White,Patient Education,0,0,
092,Mar 2026,Race/Ethnicity,White,Patient Education,0,0,
092,Mar 2026,Race/Ethnicity (Detailed),White,Patient Education,0,0,
093,Feb 2026,Race/Ethnicity (Detailed),Asian,Patient Education,0,0,
093,Jan 2026,Race/Ethnicity (Detailed),Asian,Patient Education,0,0,
093,Mar 2026,Race/Ethnicity (Detailed),Asian,Patient Education,0,0,
093,Feb 2026,Race/Ethnicity (Detailed),Black/African American,Patient Education,0,0,
093,Jan 2026,Race/Ethnicity (Detailed),Black/African American,Patient Education,0,0,
093,Mar 2026,Race/Ethnicity (Detailed),Black/African American,Patient Education,0,0,
093,Feb 2026,Race/Ethnicity (Detailed),Hispanic/Latino,Patient Education,0,0,
093,Jan 2026,Race/Ethnicity (Detailed),Hispanic/Latino,Patient Education,0,0,
093,Mar 2026,Race/Ethnicity (Detailed),Hispanic/Latino,Patient Education,0,0,
093,Feb 2026,Race/Ethnicity (Detailed),Other,Patient Education,0,0,
093,Feb 2026,Primary Language,Other,Patient Education,0,0,
093,Jan 2026,Primary Language,Other,Patient Education,0,0,
093,Jan 2026,Race/Ethnicity (Detailed),Other,Patient Education,0,0,
093,Mar 2026,Race/Ethnicity (Detailed),Other,Patient Education,0,0,
093,Mar 2026,Primary Language,Other,Patient Education,0,0,
093,Feb 2026,Insurance,Private,Patient Education,0,0,
093,Jan 2026,Insurance,Private,Patient Education,0,0,
093,Mar 2026,Insurance,Private,Patient Education,0,0,
093,Feb 2026,Insurance,Public,Patient Education,0,0,
093,Jan 2026,Insurance,Public,Patient Education,0,0,
093,Mar 2026,Insurance,Public,Patient Education,0,0,
093,Feb 2026,Race/Ethnicity (Detailed),Race Not Documented,Patient Education,0,0,
093,Jan 2026,Race/Ethnicity (Detailed),Race Not Documented,Patient Education,0,0,
093,Mar 2026,Race/Ethnicity (Detailed),Race Not Documented,Patient Education,0,0,
093,Feb 2026,Race/Ethnicity,White,Patient Education,0,0,
093,Feb 2026,Race/Ethnicity (Detailed),White,Patient Education,0,0,
093,Jan 2026,Race/Ethnicity (Detailed),White,Patient Education,0,0,
093,Jan 2026,Race/Ethnicity,White,Patient Education,0,0,
093,Mar 2026,Race/Ethnicity,White,Patient Education,0,0,
093,Mar 2026,Race/Ethnicity (Detailed),White,Patient Education,0,0,
094,Feb 2026,Race/Ethnicity (Detailed),Asian,Patient Education,0,0,
094,Jan 2026,Race/Ethnicity (Detailed),Asian,Patient Education,0,0,
094,Mar 2026,Race/Ethnicity (Detailed),Asian,Patient Education,0,0,
094,Feb 2026,Race/Ethnicity (Detailed),Black/African American,Patient Education,0,0,
094,Jan 2026,Race/Ethnicity (Detailed),Black/African American,Patient Education,0,0,
094,Mar 2026,Race/Ethnicity (Detailed),Black/African American,Patient Education,0,0,
094,Feb 2026,Race/Ethnicity (Detailed),Hispanic/Latino,Patient Education,0,0,
094,Jan 2026,Race/Ethnicity (Detailed),Hispanic/Latino,Patient Education,0,0,
094,Mar 2026,Race/Ethnicity (Detailed),Hispanic/Latino,Patient Education,0,0,
094,Feb 2026,Primary Language,Other,Patient Education,0,0,
094,Feb 2026,Race/Ethnicity (Detailed),Other,Patient Education,0,0,
094,Jan 2026,Race/Ethnicity (Detailed),Other,Patient Education,0,0,
094,Jan 2026,Primary Language,Other,Patient Education,0,0,
094,Mar 2026,Primary Language,Other,Patient Education,0,0,
094,Mar 2026,Race/Ethnicity (Detailed),Other,Patient Education,0,0,
094,Feb 2026,Insurance,Private,Patient Education,0,0,
094,Jan 2026,Insurance,Private,Patient Education,0,0,
094,Mar 2026,Insurance,Private,Patient Education,0,0,
094,Feb 2026,Insurance,Public,Patient Education,0,0,
094,Jan 2026,Insurance,Public,Patient Education,0,0,
094,Mar 2026,Insurance,Public,Patient Education,0,0,
094,Feb 2026,Race/Ethnicity (Detailed),Race Not Documented,Patient Education,0,0,
094,Jan 2026,Race/Ethnicity (Detailed),Race Not Documented,Patient Education,0,0,
094,Mar 2026,Race/Ethnicity (Detailed),Race Not Documented,Patient Education,0,0,
094,Feb 2026,Race/Ethnicity (Detailed),White,Patient Education,0,0,
094,Feb 2026,Race/Ethnicity,White,Patient Education,0,0,
094,Jan 2026,Race/Ethnicity,White,Patient Education,0,0,
094,Jan 2026,Race/Ethnicity (Detailed),White,Patient Education,0,0,
094,Mar 2026,Race/Ethnicity (Detailed),White,Patient Education,0,0,
094,Mar 2026,Race/Ethnicity,White,Patient Education,0,0,
095,Feb 2026,Race/Ethnicity (Detailed),Asian,Patient Education,0,1,0.
095,Jan 2026,Race/Ethnicity (Detailed),Asian,Patient Education,1,1,100.
095,Mar 2026,Race/Ethnicity (Detailed),Asian,Patient Education,1,1,100.
095,Feb 2026,Race/Ethnicity (Detailed),Black/African American,Patient Education,0,0,
095,Jan 2026,Race/Ethnicity (Detailed),Black/African American,Patient Education,0,0,
095,Mar 2026,Race/Ethnicity (Detailed),Black/African American,Patient Education,1,1,100.
095,Feb 2026,Race/Ethnicity (Detailed),Hispanic/Latino,Patient Education,2,3,66.67
095,Jan 2026,Race/Ethnicity (Detailed),Hispanic/Latino,Patient Education,4,6,66.67
095,Mar 2026,Race/Ethnicity (Detailed),Hispanic/Latino,Patient Education,3,3,100.
095,Feb 2026,Race/Ethnicity (Detailed),Other,Patient Education,0,1,0.
095,Feb 2026,Primary Language,Other,Patient Education,2,5,40.
095,Jan 2026,Primary Language,Other,Patient Education,0,1,0.
095,Jan 2026,Race/Ethnicity (Detailed),Other,Patient Education,2,3,66.67
095,Mar 2026,Race/Ethnicity (Detailed),Other,Patient Education,3,3,100.
095,Mar 2026,Primary Language,Other,Patient Education,2,2,100.
095,Feb 2026,Insurance,Private,Patient Education,1,5,20.
095,Jan 2026,Insurance,Private,Patient Education,4,8,50.
095,Mar 2026,Insurance,Private,Patient Education,3,4,75.
095,Feb 2026,Insurance,Public,Patient Education,1,4,25.
095,Jan 2026,Insurance,Public,Patient Education,1,2,50.
095,Mar 2026,Insurance,Public,Patient Education,6,6,100.
095,Feb 2026,Race/Ethnicity (Detailed),Race Not Documented,Patient Education,0,2,0.
095,Jan 2026,Race/Ethnicity (Detailed),Race Not Documented,Patient Education,0,0,
095,Mar 2026,Race/Ethnicity (Detailed),Race Not Documented,Patient Education,0,0,
095,Feb 2026,Race/Ethnicity,White,Patient Education,1,3,33.33
095,Feb 2026,Race/Ethnicity (Detailed),White,Patient Education,1,3,33.33
095,Jan 2026,Race/Ethnicity (Detailed),White,Patient Education,0,3,0.
095,Jan 2026,Race/Ethnicity,White,Patient Education,1,5,20.
095,Mar 2026,Race/Ethnicity,White,Patient Education,3,4,75.
095,Mar 2026,Race/Ethnicity (Detailed),White,Patient Education,3,4,75.
096,Feb 2026,Race/Ethnicity (Detailed),Asian,Patient Education,0,0,
096,Jan 2026,Race/Ethnicity (Detailed),Asian,Patient Education,0,0,
096,Mar 2026,Race/Ethnicity (Detailed),Asian,Patient Education,0,0,
096,Feb 2026,Race/Ethnicity (Detailed),Black/African American,Patient Education,0,0,
096,Jan 2026,Race/Ethnicity (Detailed),Black/African American,Patient Education,0,0,
096,Mar 2026,Race/Ethnicity (Detailed),Black/African American,Patient Education,0,0,
096,Feb 2026,Race/Ethnicity (Detailed),Hispanic/Latino,Patient Education,0,0,
096,Jan 2026,Race/Ethnicity (Detailed),Hispanic/Latino,Patient Education,0,0,
096,Mar 2026,Race/Ethnicity (Detailed),Hispanic/Latino,Patient Education,0,0,
096,Feb 2026,Race/Ethnicity (Detailed),Other,Patient Education,0,0,
096,Feb 2026,Primary Language,Other,Patient Education,0,0,
096,Jan 2026,Race/Ethnicity (Detailed),Other,Patient Education,0,0,
096,Jan 2026,Primary Language,Other,Patient Education,0,0,
096,Mar 2026,Race/Ethnicity (Detailed),Other,Patient Education,0,0,
096,Mar 2026,Primary Language,Other,Patient Education,0,0,
096,Feb 2026,Insurance,Private,Patient Education,0,0,
096,Jan 2026,Insurance,Private,Patient Education,0,0,
096,Mar 2026,Insurance,Private,Patient Education,0,0,
096,Feb 2026,Insurance,Public,Patient Education,0,0,
096,Jan 2026,Insurance,Public,Patient Education,0,0,
096,Mar 2026,Insurance,Public,Patient Education,0,0,
096,Feb 2026,Race/Ethnicity (Detailed),Race Not Documented,Patient Education,0,0,
096,Jan 2026,Race/Ethnicity (Detailed),Race Not Documented,Patient Education,0,0,
096,Mar 2026,Race/Ethnicity (Detailed),Race Not Documented,Patient Education,0,0,
096,Feb 2026,Race/Ethnicity (Detailed),White,Patient Education,0,0,
096,Feb 2026,Race/Ethnicity,White,Patient Education,0,0,
096,Jan 2026,Race/Ethnicity (Detailed),White,Patient Education,0,0,
096,Jan 2026,Race/Ethnicity,White,Patient Education,0,0,
096,Mar 2026,Race/Ethnicity (Detailed),White,Patient Education,0,0,
096,Mar 2026,Race/Ethnicity,White,Patient Education,0,0,
097,Feb 2026,Race/Ethnicity (Detailed),Asian,Patient Education,0,0,
097,Jan 2026,Race/Ethnicity (Detailed),Asian,Patient Education,0,0,
097,Mar 2026,Race/Ethnicity (Detailed),Asian,Patient Education,0,0,
097,Feb 2026,Race/Ethnicity (Detailed),Black/African American,Patient Education,0,0,
097,Jan 2026,Race/Ethnicity (Detailed),Black/African American,Patient Education,0,0,
097,Mar 2026,Race/Ethnicity (Detailed),Black/African American,Patient Education,0,0,
097,Feb 2026,Race/Ethnicity (Detailed),Hispanic/Latino,Patient Education,0,0,
097,Jan 2026,Race/Ethnicity (Detailed),Hispanic/Latino,Patient Education,0,0,
097,Mar 2026,Race/Ethnicity (Detailed),Hispanic/Latino,Patient Education,0,0,
097,Feb 2026,Primary Language,Other,Patient Education,0,0,
097,Feb 2026,Race/Ethnicity (Detailed),Other,Patient Education,0,0,
097,Jan 2026,Primary Language,Other,Patient Education,0,0,
097,Jan 2026,Race/Ethnicity (Detailed),Other,Patient Education,0,0,
097,Mar 2026,Primary Language,Other,Patient Education,0,0,
097,Mar 2026,Race/Ethnicity (Detailed),Other,Patient Education,0,0,
097,Feb 2026,Insurance,Private,Patient Education,0,0,
097,Jan 2026,Insurance,Private,Patient Education,0,0,
097,Mar 2026,Insurance,Private,Patient Education,0,0,
097,Feb 2026,Insurance,Public,Patient Education,0,0,
097,Jan 2026,Insurance,Public,Patient Education,0,0,
097,Mar 2026,Insurance,Public,Patient Education,0,0,
097,Feb 2026,Race/Ethnicity (Detailed),Race Not Documented,Patient Education,0,0,
097,Jan 2026,Race/Ethnicity (Detailed),Race Not Documented,Patient Education,0,0,
097,Mar 2026,Race/Ethnicity (Detailed),Race Not Documented,Patient Education,0,0,
097,Feb 2026,Race/Ethnicity,White,Patient Education,0,0,
097,Feb 2026,Race/Ethnicity (Detailed),White,Patient Education,0,0,
097,Jan 2026,Race/Ethnicity,White,Patient Education,0,0,
097,Jan 2026,Race/Ethnicity (Detailed),White,Patient Education,0,0,
097,Mar 2026,Race/Ethnicity,White,Patient Education,0,0,
097,Mar 2026,Race/Ethnicity (Detailed),White,Patient Education,0,0,
098,Feb 2026,Race/Ethnicity (Detailed),Asian,Patient Education,0,0,
098,Jan 2026,Race/Ethnicity (Detailed),Asian,Patient Education,0,0,
098,Mar 2026,Race/Ethnicity (Detailed),Asian,Patient Education,0,0,
098,Feb 2026,Race/Ethnicity (Detailed),Black/African American,Patient Education,0,0,
098,Jan 2026,Race/Ethnicity (Detailed),Black/African American,Patient Education,0,0,
098,Mar 2026,Race/Ethnicity (Detailed),Black/African American,Patient Education,0,0,
098,Feb 2026,Race/Ethnicity (Detailed),Hispanic/Latino,Patient Education,0,0,
098,Jan 2026,Race/Ethnicity (Detailed),Hispanic/Latino,Patient Education,0,0,
098,Mar 2026,Race/Ethnicity (Detailed),Hispanic/Latino,Patient Education,0,0,
098,Feb 2026,Race/Ethnicity (Detailed),Other,Patient Education,0,0,
098,Feb 2026,Primary Language,Other,Patient Education,0,0,
098,Jan 2026,Primary Language,Other,Patient Education,0,0,
098,Jan 2026,Race/Ethnicity (Detailed),Other,Patient Education,0,0,
098,Mar 2026,Race/Ethnicity (Detailed),Other,Patient Education,0,0,
098,Mar 2026,Primary Language,Other,Patient Education,0,0,
098,Feb 2026,Insurance,Private,Patient Education,0,0,
098,Jan 2026,Insurance,Private,Patient Education,0,0,
098,Mar 2026,Insurance,Private,Patient Education,0,0,
098,Feb 2026,Insurance,Public,Patient Education,0,0,
098,Jan 2026,Insurance,Public,Patient Education,0,0,
098,Mar 2026,Insurance,Public,Patient Education,0,0,
098,Feb 2026,Race/Ethnicity (Detailed),Race Not Documented,Patient Education,0,0,
098,Jan 2026,Race/Ethnicity (Detailed),Race Not Documented,Patient Education,0,0,
098,Mar 2026,Race/Ethnicity (Detailed),Race Not Documented,Patient Education,0,0,
098,Feb 2026,Race/Ethnicity,White,Patient Education,0,0,
098,Feb 2026,Race/Ethnicity (Detailed),White,Patient Education,0,0,
098,Jan 2026,Race/Ethnicity (Detailed),White,Patient Education,0,0,
098,Jan 2026,Race/Ethnicity,White,Patient Education,0,0,
098,Mar 2026,Race/Ethnicity,White,Patient Education,0,0,
098,Mar 2026,Race/Ethnicity (Detailed),White,Patient Education,0,0,
099,Feb 2026,Race/Ethnicity (Detailed),Asian,Patient Education,0,0,
099,Jan 2026,Race/Ethnicity (Detailed),Asian,Patient Education,0,0,
099,Mar 2026,Race/Ethnicity (Detailed),Asian,Patient Education,0,0,
099,Feb 2026,Race/Ethnicity (Detailed),Black/African American,Patient Education,0,1,0.
099,Jan 2026,Race/Ethnicity (Detailed),Black/African American,Patient Education,0,2,0.
099,Mar 2026,Race/Ethnicity (Detailed),Black/African American,Patient Education,0,3,0.
099,Feb 2026,Race/Ethnicity (Detailed),Hispanic/Latino,Patient Education,0,0,
099,Jan 2026,Race/Ethnicity (Detailed),Hispanic/Latino,Patient Education,0,1,0.
099,Mar 2026,Race/Ethnicity (Detailed),Hispanic/Latino,Patient Education,0,1,0.
099,Feb 2026,Race/Ethnicity (Detailed),Other,Patient Education,0,0,
099,Feb 2026,Primary Language,Other,Patient Education,0,0,
099,Jan 2026,Primary Language,Other,Patient Education,0,0,
099,Jan 2026,Race/Ethnicity (Detailed),Other,Patient Education,0,1,0.
099,Mar 2026,Race/Ethnicity (Detailed),Other,Patient Education,0,0,
099,Mar 2026,Primary Language,Other,Patient Education,0,0,
099,Feb 2026,Insurance,Private,Patient Education,0,4,0.
099,Jan 2026,Insurance,Private,Patient Education,0,2,0.
099,Mar 2026,Insurance,Private,Patient Education,0,5,0.
099,Feb 2026,Insurance,Public,Patient Education,0,6,0.
099,Jan 2026,Insurance,Public,Patient Education,0,8,0.
099,Mar 2026,Insurance,Public,Patient Education,0,4,0.
099,Feb 2026,Race/Ethnicity (Detailed),Race Not Documented,Patient Education,0,0,
099,Jan 2026,Race/Ethnicity (Detailed),Race Not Documented,Patient Education,0,0,
099,Mar 2026,Race/Ethnicity (Detailed),Race Not Documented,Patient Education,0,0,
099,Feb 2026,Race/Ethnicity,White,Patient Education,0,9,0.
099,Feb 2026,Race/Ethnicity (Detailed),White,Patient Education,0,9,0.
099,Jan 2026,Race/Ethnicity (Detailed),White,Patient Education,0,6,0.
099,Jan 2026,Race/Ethnicity,White,Patient Education,0,7,0.
099,Mar 2026,Race/Ethnicity,White,Patient Education,0,6,0.
099,Mar 2026,Race/Ethnicity (Detailed),White,Patient Education,0,6,0.
100,Feb 2026,Race/Ethnicity (Detailed),Asian,Patient Education,0,0,
100,Jan 2026,Race/Ethnicity (Detailed),Asian,Patient Education,0,0,
100,Mar 2026,Race/Ethnicity (Detailed),Asian,Patient Education,0,0,
100,Feb 2026,Race/Ethnicity (Detailed),Black/African American,Patient Education,0,0,
100,Jan 2026,Race/Ethnicity (Detailed),Black/African American,Patient Education,0,0,
100,Mar 2026,Race/Ethnicity (Detailed),Black/African American,Patient Education,0,0,
100,Feb 2026,Race/Ethnicity (Detailed),Hispanic/Latino,Patient Education,0,0,
100,Jan 2026,Race/Ethnicity (Detailed),Hispanic/Latino,Patient Education,0,0,
100,Mar 2026,Race/Ethnicity (Detailed),Hispanic/Latino,Patient Education,0,0,
100,Feb 2026,Race/Ethnicity (Detailed),Other,Patient Education,0,0,
100,Feb 2026,Primary Language,Other,Patient Education,0,0,
100,Jan 2026,Primary Language,Other,Patient Education,0,0,
100,Jan 2026,Race/Ethnicity (Detailed),Other,Patient Education,0,0,
100,Mar 2026,Race/Ethnicity (Detailed),Other,Patient Education,0,0,
100,Mar 2026,Primary Language,Other,Patient Education,0,0,
100,Feb 2026,Insurance,Private,Patient Education,0,0,
100,Jan 2026,Insurance,Private,Patient Education,0,0,
100,Mar 2026,Insurance,Private,Patient Education,0,0,
100,Feb 2026,Insurance,Public,Patient Education,0,0,
100,Jan 2026,Insurance,Public,Patient Education,0,0,
100,Mar 2026,Insurance,Public,Patient Education,0,0,
100,Feb 2026,Race/Ethnicity (Detailed),Race Not Documented,Patient Education,0,0,
100,Jan 2026,Race/Ethnicity (Detailed),Race Not Documented,Patient Education,0,0,
100,Mar 2026,Race/Ethnicity (Detailed),Race Not Documented,Patient Education,0,0,
100,Feb 2026,Race/Ethnicity,White,Patient Education,0,0,
100,Feb 2026,Race/Ethnicity (Detailed),White,Patient Education,0,0,
100,Jan 2026,Race/Ethnicity (Detailed),White,Patient Education,0,0,
100,Jan 2026,Race/Ethnicity,White,Patient Education,0,0,
100,Mar 2026,Race/Ethnicity,White,Patient Education,0,0,
100,Mar 2026,Race/Ethnicity (Detailed),White,Patient Education,0,0,
102,Feb 2026,Race/Ethnicity (Detailed),Asian,Patient Education,0,0,
102,Jan 2026,Race/Ethnicity (Detailed),Asian,Patient Education,0,0,
102,Mar 2026,Race/Ethnicity (Detailed),Asian,Patient Education,0,0,
102,Feb 2026,Race/Ethnicity (Detailed),Black/African American,Patient Education,0,0,
102,Jan 2026,Race/Ethnicity (Detailed),Black/African American,Patient Education,0,0,
102,Mar 2026,Race/Ethnicity (Detailed),Black/African American,Patient Education,0,0,
102,Feb 2026,Race/Ethnicity (Detailed),Hispanic/Latino,Patient Education,0,0,
102,Jan 2026,Race/Ethnicity (Detailed),Hispanic/Latino,Patient Education,0,0,
102,Mar 2026,Race/Ethnicity (Detailed),Hispanic/Latino,Patient Education,0,0,
102,Feb 2026,Race/Ethnicity (Detailed),Other,Patient Education,0,0,
102,Feb 2026,Primary Language,Other,Patient Education,0,0,
102,Jan 2026,Race/Ethnicity (Detailed),Other,Patient Education,0,0,
102,Jan 2026,Primary Language,Other,Patient Education,0,0,
102,Mar 2026,Race/Ethnicity (Detailed),Other,Patient Education,0,0,
102,Mar 2026,Primary Language,Other,Patient Education,0,0,
102,Feb 2026,Insurance,Private,Patient Education,0,0,
102,Jan 2026,Insurance,Private,Patient Education,0,0,
102,Mar 2026,Insurance,Private,Patient Education,0,0,
102,Feb 2026,Insurance,Public,Patient Education,0,0,
102,Jan 2026,Insurance,Public,Patient Education,0,0,
102,Mar 2026,Insurance,Public,Patient Education,0,0,
102,Feb 2026,Race/Ethnicity (Detailed),Race Not Documented,Patient Education,0,0,
102,Jan 2026,Race/Ethnicity (Detailed),Race Not Documented,Patient Education,0,0,
102,Mar 2026,Race/Ethnicity (Detailed),Race Not Documented,Patient Education,0,0,
102,Feb 2026,Race/Ethnicity (Detailed),White,Patient Education,0,0,
102,Feb 2026,Race/Ethnicity,White,Patient Education,0,0,
102,Jan 2026,Race/Ethnicity,White,Patient Education,0,0,
102,Jan 2026,Race/Ethnicity (Detailed),White,Patient Education,0,0,
102,Mar 2026,Race/Ethnicity (Detailed),White,Patient Education,0,0,
102,Mar 2026,Race/Ethnicity,White,Patient Education,0,0,
103,Feb 2026,Race/Ethnicity (Detailed),Asian,Patient Education,0,0,
103,Jan 2026,Race/Ethnicity (Detailed),Asian,Patient Education,0,0,
103,Mar 2026,Race/Ethnicity (Detailed),Asian,Patient Education,0,0,
103,Feb 2026,Race/Ethnicity (Detailed),Black/African American,Patient Education,0,0,
103,Jan 2026,Race/Ethnicity (Detailed),Black/African American,Patient Education,0,1,0.
103,Mar 2026,Race/Ethnicity (Detailed),Black/African American,Patient Education,3,3,100.
103,Feb 2026,Race/Ethnicity (Detailed),Hispanic/Latino,Patient Education,0,0,
103,Jan 2026,Race/Ethnicity (Detailed),Hispanic/Latino,Patient Education,0,0,
103,Mar 2026,Race/Ethnicity (Detailed),Hispanic/Latino,Patient Education,0,0,
103,Feb 2026,Primary Language,Other,Patient Education,0,0,
103,Feb 2026,Race/Ethnicity (Detailed),Other,Patient Education,0,0,
103,Jan 2026,Race/Ethnicity (Detailed),Other,Patient Education,0,0,
103,Jan 2026,Primary Language,Other,Patient Education,0,0,
103,Mar 2026,Primary Language,Other,Patient Education,0,0,
103,Mar 2026,Race/Ethnicity (Detailed),Other,Patient Education,0,0,
103,Feb 2026,Insurance,Private,Patient Education,0,0,
103,Jan 2026,Insurance,Private,Patient Education,0,0,
103,Mar 2026,Insurance,Private,Patient Education,2,2,100.
103,Feb 2026,Insurance,Public,Patient Education,0,0,
103,Jan 2026,Insurance,Public,Patient Education,0,1,0.
103,Mar 2026,Insurance,Public,Patient Education,3,3,100.
103,Feb 2026,Race/Ethnicity (Detailed),Race Not Documented,Patient Education,0,0,
103,Jan 2026,Race/Ethnicity (Detailed),Race Not Documented,Patient Education,0,0,
103,Mar 2026,Race/Ethnicity (Detailed),Race Not Documented,Patient Education,0,0,
103,Feb 2026,Race/Ethnicity (Detailed),White,Patient Education,0,0,
103,Feb 2026,Race/Ethnicity,White,Patient Education,0,0,
103,Jan 2026,Race/Ethnicity,White,Patient Education,0,0,
103,Jan 2026,Race/Ethnicity (Detailed),White,Patient Education,0,0,
103,Mar 2026,Race/Ethnicity (Detailed),White,Patient Education,2,2,100.
103,Mar 2026,Race/Ethnicity,White,Patient Education,2,2,100.
104,Feb 2026,Race/Ethnicity (Detailed),Asian,Patient Education,0,0,
104,Jan 2026,Race/Ethnicity (Detailed),Asian,Patient Education,0,0,
104,Mar 2026,Race/Ethnicity (Detailed),Asian,Patient Education,0,0,
104,Feb 2026,Race/Ethnicity (Detailed),Black/African American,Patient Education,6,6,100.
104,Jan 2026,Race/Ethnicity (Detailed),Black/African American,Patient Education,3,3,100.
104,Mar 2026,Race/Ethnicity (Detailed),Black/African American,Patient Education,1,1,100.
104,Feb 2026,Race/Ethnicity (Detailed),Hispanic/Latino,Patient Education,1,1,100.
104,Jan 2026,Race/Ethnicity (Detailed),Hispanic/Latino,Patient Education,1,1,100.
104,Mar 2026,Race/Ethnicity (Detailed),Hispanic/Latino,Patient Education,3,3,100.
104,Feb 2026,Primary Language,Other,Patient Education,0,0,
104,Feb 2026,Race/Ethnicity (Detailed),Other,Patient Education,0,0,
104,Jan 2026,Primary Language,Other,Patient Education,0,0,
104,Jan 2026,Race/Ethnicity (Detailed),Other,Patient Education,0,0,
104,Mar 2026,Primary Language,Other,Patient Education,0,0,
104,Mar 2026,Race/Ethnicity (Detailed),Other,Patient Education,0,0,
104,Feb 2026,Insurance,Private,Patient Education,2,2,100.
104,Jan 2026,Insurance,Private,Patient Education,3,3,100.
104,Mar 2026,Insurance,Private,Patient Education,0,0,
104,Feb 2026,Insurance,Public,Patient Education,8,8,100.
104,Jan 2026,Insurance,Public,Patient Education,7,7,100.
104,Mar 2026,Insurance,Public,Patient Education,10,10,100.
104,Feb 2026,Race/Ethnicity (Detailed),Race Not Documented,Patient Education,0,0,
104,Jan 2026,Race/Ethnicity (Detailed),Race Not Documented,Patient Education,0,0,
104,Mar 2026,Race/Ethnicity (Detailed),Race Not Documented,Patient Education,0,0,
104,Feb 2026,Race/Ethnicity (Detailed),White,Patient Education,3,3,100.
104,Feb 2026,Race/Ethnicity,White,Patient Education,3,3,100.
104,Jan 2026,Race/Ethnicity,White,Patient Education,7,7,100.
104,Jan 2026,Race/Ethnicity (Detailed),White,Patient Education,6,6,100.
104,Mar 2026,Race/Ethnicity (Detailed),White,Patient Education,6,6,100.
104,Mar 2026,Race/Ethnicity,White,Patient Education,6,6,100.
105,Feb 2026,Race/Ethnicity (Detailed),Asian,Patient Education,0,0,
105,Jan 2026,Race/Ethnicity (Detailed),Asian,Patient Education,0,0,
105,Mar 2026,Race/Ethnicity (Detailed),Asian,Patient Education,0,0,
105,Feb 2026,Race/Ethnicity (Detailed),Black/African American,Patient Education,1,1,100.
105,Jan 2026,Race/Ethnicity (Detailed),Black/African American,Patient Education,3,3,100.
105,Mar 2026,Race/Ethnicity (Detailed),Black/African American,Patient Education,0,0,
105,Feb 2026,Race/Ethnicity (Detailed),Hispanic/Latino,Patient Education,3,3,100.
105,Jan 2026,Race/Ethnicity (Detailed),Hispanic/Latino,Patient Education,1,1,100.
105,Mar 2026,Race/Ethnicity (Detailed),Hispanic/Latino,Patient Education,1,1,100.
105,Feb 2026,Race/Ethnicity (Detailed),Other,Patient Education,2,2,100.
105,Feb 2026,Primary Language,Other,Patient Education,3,3,100.
105,Jan 2026,Primary Language,Other,Patient Education,0,0,
105,Jan 2026,Race/Ethnicity (Detailed),Other,Patient Education,0,0,
105,Mar 2026,Race/Ethnicity (Detailed),Other,Patient Education,1,1,100.
105,Mar 2026,Primary Language,Other,Patient Education,6,6,100.
105,Feb 2026,Insurance,Private,Patient Education,3,3,100.
105,Jan 2026,Insurance,Private,Patient Education,3,3,100.
105,Mar 2026,Insurance,Private,Patient Education,3,3,100.
105,Feb 2026,Insurance,Public,Patient Education,3,3,100.
105,Jan 2026,Insurance,Public,Patient Education,6,6,100.
105,Mar 2026,Insurance,Public,Patient Education,2,2,100.
105,Feb 2026,Race/Ethnicity (Detailed),Race Not Documented,Patient Education,0,0,
105,Jan 2026,Race/Ethnicity (Detailed),Race Not Documented,Patient Education,0,0,
105,Mar 2026,Race/Ethnicity (Detailed),Race Not Documented,Patient Education,0,0,
105,Feb 2026,Race/Ethnicity,White,Patient Education,3,3,100.
105,Feb 2026,Race/Ethnicity (Detailed),White,Patient Education,3,3,100.
105,Jan 2026,Race/Ethnicity (Detailed),White,Patient Education,6,6,100.
105,Jan 2026,Race/Ethnicity,White,Patient Education,6,6,100.
105,Mar 2026,Race/Ethnicity,White,Patient Education,5,5,100.
105,Mar 2026,Race/Ethnicity (Detailed),White,Patient Education,5,5,100.
106,Feb 2026,Race/Ethnicity (Detailed),Asian,Patient Education,0,0,
106,Jan 2026,Race/Ethnicity (Detailed),Asian,Patient Education,0,0,
106,Mar 2026,Race/Ethnicity (Detailed),Asian,Patient Education,0,0,
106,Feb 2026,Race/Ethnicity (Detailed),Black/African American,Patient Education,0,0,
106,Jan 2026,Race/Ethnicity (Detailed),Black/African American,Patient Education,0,0,
106,Mar 2026,Race/Ethnicity (Detailed),Black/African American,Patient Education,0,0,
106,Feb 2026,Race/Ethnicity (Detailed),Hispanic/Latino,Patient Education,0,0,
106,Jan 2026,Race/Ethnicity (Detailed),Hispanic/Latino,Patient Education,0,0,
106,Mar 2026,Race/Ethnicity (Detailed),Hispanic/Latino,Patient Education,0,0,
106,Feb 2026,Primary Language,Other,Patient Education,0,0,
106,Feb 2026,Race/Ethnicity (Detailed),Other,Patient Education,0,0,
106,Jan 2026,Primary Language,Other,Patient Education,0,0,
106,Jan 2026,Race/Ethnicity (Detailed),Other,Patient Education,0,0,
106,Mar 2026,Primary Language,Other,Patient Education,0,0,
106,Mar 2026,Race/Ethnicity (Detailed),Other,Patient Education,0,0,
106,Feb 2026,Insurance,Private,Patient Education,0,0,
106,Jan 2026,Insurance,Private,Patient Education,0,0,
106,Mar 2026,Insurance,Private,Patient Education,0,0,
106,Feb 2026,Insurance,Public,Patient Education,0,0,
106,Jan 2026,Insurance,Public,Patient Education,0,0,
106,Mar 2026,Insurance,Public,Patient Education,0,0,
106,Feb 2026,Race/Ethnicity (Detailed),Race Not Documented,Patient Education,0,0,
106,Jan 2026,Race/Ethnicity (Detailed),Race Not Documented,Patient Education,0,0,
106,Mar 2026,Race/Ethnicity (Detailed),Race Not Documented,Patient Education,0,0,
106,Feb 2026,Race/Ethnicity,White,Patient Education,0,0,
106,Feb 2026,Race/Ethnicity (Detailed),White,Patient Education,0,0,
106,Jan 2026,Race/Ethnicity,White,Patient Education,0,0,
106,Jan 2026,Race/Ethnicity (Detailed),White,Patient Education,0,0,
106,Mar 2026,Race/Ethnicity,White,Patient Education,0,0,
106,Mar 2026,Race/Ethnicity (Detailed),White,Patient Education,0,0,
107,Feb 2026,Race/Ethnicity (Detailed),Asian,Patient Education,0,0,
107,Jan 2026,Race/Ethnicity (Detailed),Asian,Patient Education,1,1,100.
107,Mar 2026,Race/Ethnicity (Detailed),Asian,Patient Education,0,0,
107,Feb 2026,Race/Ethnicity (Detailed),Black/African American,Patient Education,1,1,100.
107,Jan 2026,Race/Ethnicity (Detailed),Black/African American,Patient Education,3,3,100.
107,Mar 2026,Race/Ethnicity (Detailed),Black/African American,Patient Education,3,3,100.
107,Feb 2026,Race/Ethnicity (Detailed),Hispanic/Latino,Patient Education,2,2,100.
107,Jan 2026,Race/Ethnicity (Detailed),Hispanic/Latino,Patient Education,2,2,100.
107,Mar 2026,Race/Ethnicity (Detailed),Hispanic/Latino,Patient Education,2,2,100.
107,Feb 2026,Race/Ethnicity (Detailed),Other,Patient Education,0,0,
107,Feb 2026,Primary Language,Other,Patient Education,1,1,100.
107,Jan 2026,Race/Ethnicity (Detailed),Other,Patient Education,0,0,
107,Jan 2026,Primary Language,Other,Patient Education,1,1,100.
107,Mar 2026,Race/Ethnicity (Detailed),Other,Patient Education,0,0,
107,Mar 2026,Primary Language,Other,Patient Education,1,1,100.
107,Feb 2026,Insurance,Private,Patient Education,6,6,100.
107,Jan 2026,Insurance,Private,Patient Education,7,7,100.
107,Mar 2026,Insurance,Private,Patient Education,4,4,100.
107,Feb 2026,Insurance,Public,Patient Education,4,4,100.
107,Jan 2026,Insurance,Public,Patient Education,3,3,100.
107,Mar 2026,Insurance,Public,Patient Education,6,6,100.
107,Feb 2026,Race/Ethnicity (Detailed),Race Not Documented,Patient Education,0,0,
107,Jan 2026,Race/Ethnicity (Detailed),Race Not Documented,Patient Education,0,0,
107,Mar 2026,Race/Ethnicity (Detailed),Race Not Documented,Patient Education,0,0,
107,Feb 2026,Race/Ethnicity (Detailed),White,Patient Education,7,7,100.
107,Feb 2026,Race/Ethnicity,White,Patient Education,7,7,100.
107,Jan 2026,Race/Ethnicity (Detailed),White,Patient Education,4,4,100.
107,Jan 2026,Race/Ethnicity,White,Patient Education,4,4,100.
107,Mar 2026,Race/Ethnicity (Detailed),White,Patient Education,5,5,100.
107,Mar 2026,Race/Ethnicity,White,Patient Education,5,5,100.
108,Feb 2026,Race/Ethnicity (Detailed),Asian,Patient Education,0,0,
108,Jan 2026,Race/Ethnicity (Detailed),Asian,Patient Education,0,0,
108,Mar 2026,Race/Ethnicity (Detailed),Asian,Patient Education,0,0,
108,Feb 2026,Race/Ethnicity (Detailed),Black/African American,Patient Education,0,0,
108,Jan 2026,Race/Ethnicity (Detailed),Black/African American,Patient Education,0,0,
108,Mar 2026,Race/Ethnicity (Detailed),Black/African American,Patient Education,0,0,
108,Feb 2026,Race/Ethnicity (Detailed),Hispanic/Latino,Patient Education,0,0,
108,Jan 2026,Race/Ethnicity (Detailed),Hispanic/Latino,Patient Education,0,0,
108,Mar 2026,Race/Ethnicity (Detailed),Hispanic/Latino,Patient Education,0,0,
108,Feb 2026,Primary Language,Other,Patient Education,0,0,
108,Feb 2026,Race/Ethnicity (Detailed),Other,Patient Education,0,0,
108,Jan 2026,Race/Ethnicity (Detailed),Other,Patient Education,0,0,
108,Jan 2026,Primary Language,Other,Patient Education,0,0,
108,Mar 2026,Primary Language,Other,Patient Education,0,0,
108,Mar 2026,Race/Ethnicity (Detailed),Other,Patient Education,0,0,
108,Feb 2026,Insurance,Private,Patient Education,0,0,
108,Jan 2026,Insurance,Private,Patient Education,0,0,
108,Mar 2026,Insurance,Private,Patient Education,0,0,
108,Feb 2026,Insurance,Public,Patient Education,0,0,
108,Jan 2026,Insurance,Public,Patient Education,0,0,
108,Mar 2026,Insurance,Public,Patient Education,0,0,
108,Feb 2026,Race/Ethnicity (Detailed),Race Not Documented,Patient Education,0,0,
108,Jan 2026,Race/Ethnicity (Detailed),Race Not Documented,Patient Education,0,0,
108,Mar 2026,Race/Ethnicity (Detailed),Race Not Documented,Patient Education,0,0,
108,Feb 2026,Race/Ethnicity (Detailed),White,Patient Education,0,0,
108,Feb 2026,Race/Ethnicity,White,Patient Education,0,0,
108,Jan 2026,Race/Ethnicity,White,Patient Education,0,0,
108,Jan 2026,Race/Ethnicity (Detailed),White,Patient Education,0,0,
108,Mar 2026,Race/Ethnicity (Detailed),White,Patient Education,0,0,
108,Mar 2026,Race/Ethnicity,White,Patient Education,0,0,
109,Feb 2026,Race/Ethnicity (Detailed),Asian,Patient Education,0,0,
109,Jan 2026,Race/Ethnicity (Detailed),Asian,Patient Education,0,0,
109,Mar 2026,Race/Ethnicity (Detailed),Asian,Patient Education,0,0,
109,Feb 2026,Race/Ethnicity (Detailed),Black/African American,Patient Education,1,1,100.
109,Jan 2026,Race/Ethnicity (Detailed),Black/African American,Patient Education,1,1,100.
109,Mar 2026,Race/Ethnicity (Detailed),Black/African American,Patient Education,2,2,100.
109,Feb 2026,Race/Ethnicity (Detailed),Hispanic/Latino,Patient Education,3,3,100.
109,Jan 2026,Race/Ethnicity (Detailed),Hispanic/Latino,Patient Education,0,0,
109,Mar 2026,Race/Ethnicity (Detailed),Hispanic/Latino,Patient Education,1,1,100.
109,Feb 2026,Race/Ethnicity (Detailed),Other,Patient Education,0,0,
109,Feb 2026,Primary Language,Other,Patient Education,1,1,100.
109,Jan 2026,Race/Ethnicity (Detailed),Other,Patient Education,0,0,
109,Jan 2026,Primary Language,Other,Patient Education,1,1,100.
109,Mar 2026,Race/Ethnicity (Detailed),Other,Patient Education,0,0,
109,Mar 2026,Primary Language,Other,Patient Education,3,3,100.
109,Feb 2026,Insurance,Private,Patient Education,7,7,100.
109,Jan 2026,Insurance,Private,Patient Education,7,7,100.
109,Mar 2026,Insurance,Private,Patient Education,5,5,100.
109,Feb 2026,Insurance,Public,Patient Education,3,3,100.
109,Jan 2026,Insurance,Public,Patient Education,3,3,100.
109,Mar 2026,Insurance,Public,Patient Education,5,5,100.
109,Feb 2026,Race/Ethnicity (Detailed),Race Not Documented,Patient Education,0,0,
109,Jan 2026,Race/Ethnicity (Detailed),Race Not Documented,Patient Education,0,0,
109,Mar 2026,Race/Ethnicity (Detailed),Race Not Documented,Patient Education,0,0,
109,Feb 2026,Race/Ethnicity (Detailed),White,Patient Education,6,6,100.
109,Feb 2026,Race/Ethnicity,White,Patient Education,6,6,100.
109,Jan 2026,Race/Ethnicity (Detailed),White,Patient Education,9,9,100.
109,Jan 2026,Race/Ethnicity,White,Patient Education,9,9,100.
109,Mar 2026,Race/Ethnicity (Detailed),White,Patient Education,7,7,100.
109,Mar 2026,Race/Ethnicity,White,Patient Education,7,7,100.
110,Feb 2026,Race/Ethnicity (Detailed),Asian,Patient Education,0,0,
110,Jan 2026,Race/Ethnicity (Detailed),Asian,Patient Education,0,0,
110,Mar 2026,Race/Ethnicity (Detailed),Asian,Patient Education,0,0,
110,Feb 2026,Race/Ethnicity (Detailed),Black/African American,Patient Education,5,5,100.
110,Jan 2026,Race/Ethnicity (Detailed),Black/African American,Patient Education,7,7,100.
110,Mar 2026,Race/Ethnicity (Detailed),Black/African American,Patient Education,4,6,66.67
110,Feb 2026,Race/Ethnicity (Detailed),Hispanic/Latino,Patient Education,2,2,100.
110,Jan 2026,Race/Ethnicity (Detailed),Hispanic/Latino,Patient Education,1,1,100.
110,Mar 2026,Race/Ethnicity (Detailed),Hispanic/Latino,Patient Education,1,1,100.
110,Feb 2026,Primary Language,Other,Patient Education,0,0,
110,Feb 2026,Race/Ethnicity (Detailed),Other,Patient Education,0,0,
110,Jan 2026,Race/Ethnicity (Detailed),Other,Patient Education,0,0,
110,Jan 2026,Primary Language,Other,Patient Education,0,0,
110,Mar 2026,Primary Language,Other,Patient Education,0,0,
110,Mar 2026,Race/Ethnicity (Detailed),Other,Patient Education,0,0,
110,Feb 2026,Insurance,Private,Patient Education,4,4,100.
110,Jan 2026,Insurance,Private,Patient Education,3,3,100.
110,Mar 2026,Insurance,Private,Patient Education,1,2,50.
110,Feb 2026,Insurance,Public,Patient Education,8,8,100.
110,Jan 2026,Insurance,Public,Patient Education,7,7,100.
110,Mar 2026,Insurance,Public,Patient Education,6,8,75.
110,Feb 2026,Race/Ethnicity (Detailed),Race Not Documented,Patient Education,1,1,100.
110,Jan 2026,Race/Ethnicity (Detailed),Race Not Documented,Patient Education,0,0,
110,Mar 2026,Race/Ethnicity (Detailed),Race Not Documented,Patient Education,0,0,
110,Feb 2026,Race/Ethnicity (Detailed),White,Patient Education,2,2,100.
110,Feb 2026,Race/Ethnicity,White,Patient Education,5,5,100.
110,Jan 2026,Race/Ethnicity,White,Patient Education,2,2,100.
110,Jan 2026,Race/Ethnicity (Detailed),White,Patient Education,2,2,100.
110,Mar 2026,Race/Ethnicity (Detailed),White,Patient Education,2,3,66.67
110,Mar 2026,Race/Ethnicity,White,Patient Education,2,3,66.67
111,Feb 2026,Race/Ethnicity (Detailed),Asian,Patient Education,0,0,
111,Jan 2026,Race/Ethnicity (Detailed),Asian,Patient Education,0,0,
111,Mar 2026,Race/Ethnicity (Detailed),Asian,Patient Education,0,0,
111,Feb 2026,Race/Ethnicity (Detailed),Black/African American,Patient Education,0,0,
111,Jan 2026,Race/Ethnicity (Detailed),Black/African American,Patient Education,0,0,
111,Mar 2026,Race/Ethnicity (Detailed),Black/African American,Patient Education,0,0,
111,Feb 2026,Race/Ethnicity (Detailed),Hispanic/Latino,Patient Education,0,0,
111,Jan 2026,Race/Ethnicity (Detailed),Hispanic/Latino,Patient Education,0,0,
111,Mar 2026,Race/Ethnicity (Detailed),Hispanic/Latino,Patient Education,0,0,
111,Feb 2026,Primary Language,Other,Patient Education,0,0,
111,Feb 2026,Race/Ethnicity (Detailed),Other,Patient Education,0,0,
111,Jan 2026,Race/Ethnicity (Detailed),Other,Patient Education,0,0,
111,Jan 2026,Primary Language,Other,Patient Education,0,0,
111,Mar 2026,Race/Ethnicity (Detailed),Other,Patient Education,0,0,
111,Mar 2026,Primary Language,Other,Patient Education,0,0,
111,Feb 2026,Insurance,Private,Patient Education,0,0,
111,Jan 2026,Insurance,Private,Patient Education,0,0,
111,Mar 2026,Insurance,Private,Patient Education,0,0,
111,Feb 2026,Insurance,Public,Patient Education,0,0,
111,Jan 2026,Insurance,Public,Patient Education,0,0,
111,Mar 2026,Insurance,Public,Patient Education,0,0,
111,Feb 2026,Race/Ethnicity (Detailed),Race Not Documented,Patient Education,0,0,
111,Jan 2026,Race/Ethnicity (Detailed),Race Not Documented,Patient Education,0,0,
111,Mar 2026,Race/Ethnicity (Detailed),Race Not Documented,Patient Education,0,0,
111,Feb 2026,Race/Ethnicity (Detailed),White,Patient Education,0,0,
111,Feb 2026,Race/Ethnicity,White,Patient Education,0,0,
111,Jan 2026,Race/Ethnicity,White,Patient Education,0,0,
111,Jan 2026,Race/Ethnicity (Detailed),White,Patient Education,0,0,
111,Mar 2026,Race/Ethnicity (Detailed),White,Patient Education,0,0,
111,Mar 2026,Race/Ethnicity,White,Patient Education,0,0,
112,Feb 2026,Race/Ethnicity (Detailed),Asian,Patient Education,0,0,
112,Jan 2026,Race/Ethnicity (Detailed),Asian,Patient Education,0,1,0.
112,Mar 2026,Race/Ethnicity (Detailed),Asian,Patient Education,0,0,
112,Feb 2026,Race/Ethnicity (Detailed),Black/African American,Patient Education,0,1,0.
112,Jan 2026,Race/Ethnicity (Detailed),Black/African American,Patient Education,0,1,0.
112,Mar 2026,Race/Ethnicity (Detailed),Black/African American,Patient Education,0,0,
112,Feb 2026,Race/Ethnicity (Detailed),Hispanic/Latino,Patient Education,0,2,0.
112,Jan 2026,Race/Ethnicity (Detailed),Hispanic/Latino,Patient Education,0,0,
112,Mar 2026,Race/Ethnicity (Detailed),Hispanic/Latino,Patient Education,0,2,0.
112,Feb 2026,Race/Ethnicity (Detailed),Other,Patient Education,0,0,
112,Feb 2026,Primary Language,Other,Patient Education,0,0,
112,Jan 2026,Primary Language,Other,Patient Education,0,0,
112,Jan 2026,Race/Ethnicity (Detailed),Other,Patient Education,0,2,0.
112,Mar 2026,Race/Ethnicity (Detailed),Other,Patient Education,1,1,100.
112,Mar 2026,Primary Language,Other,Patient Education,0,0,
112,Feb 2026,Insurance,Private,Patient Education,1,4,25.
112,Jan 2026,Insurance,Private,Patient Education,0,9,0.
112,Mar 2026,Insurance,Private,Patient Education,0,9,0.
112,Feb 2026,Insurance,Public,Patient Education,0,6,0.
112,Jan 2026,Insurance,Public,Patient Education,0,1,0.
112,Mar 2026,Insurance,Public,Patient Education,1,1,100.
112,Feb 2026,Race/Ethnicity (Detailed),Race Not Documented,Patient Education,0,0,
112,Jan 2026,Race/Ethnicity (Detailed),Race Not Documented,Patient Education,0,0,
112,Mar 2026,Race/Ethnicity (Detailed),Race Not Documented,Patient Education,0,0,
112,Feb 2026,Race/Ethnicity,White,Patient Education,1,7,14.29
112,Feb 2026,Race/Ethnicity (Detailed),White,Patient Education,1,7,14.29
112,Jan 2026,Race/Ethnicity (Detailed),White,Patient Education,0,6,0.
112,Jan 2026,Race/Ethnicity,White,Patient Education,0,6,0.
112,Mar 2026,Race/Ethnicity,White,Patient Education,0,7,0.
112,Mar 2026,Race/Ethnicity (Detailed),White,Patient Education,0,7,0.
113,Feb 2026,Race/Ethnicity (Detailed),Asian,Patient Education,0,0,
113,Jan 2026,Race/Ethnicity (Detailed),Asian,Patient Education,0,0,
113,Mar 2026,Race/Ethnicity (Detailed),Asian,Patient Education,2,2,100.
113,Feb 2026,Race/Ethnicity (Detailed),Black/African American,Patient Education,2,2,100.
113,Jan 2026,Race/Ethnicity (Detailed),Black/African American,Patient Education,1,1,100.
113,Mar 2026,Race/Ethnicity (Detailed),Black/African American,Patient Education,2,2,100.
113,Feb 2026,Race/Ethnicity (Detailed),Hispanic/Latino,Patient Education,0,0,
113,Jan 2026,Race/Ethnicity (Detailed),Hispanic/Latino,Patient Education,1,1,100.
113,Mar 2026,Race/Ethnicity (Detailed),Hispanic/Latino,Patient Education,1,1,100.
113,Feb 2026,Race/Ethnicity (Detailed),Other,Patient Education,0,0,
113,Feb 2026,Primary Language,Other,Patient Education,0,0,
113,Jan 2026,Primary Language,Other,Patient Education,0,0,
113,Jan 2026,Race/Ethnicity (Detailed),Other,Patient Education,0,0,
113,Mar 2026,Race/Ethnicity (Detailed),Other,Patient Education,0,0,
113,Mar 2026,Primary Language,Other,Patient Education,1,1,100.
113,Feb 2026,Insurance,Private,Patient Education,1,1,100.
113,Jan 2026,Insurance,Private,Patient Education,0,0,
113,Mar 2026,Insurance,Private,Patient Education,3,3,100.
113,Feb 2026,Insurance,Public,Patient Education,0,0,
113,Jan 2026,Insurance,Public,Patient Education,1,1,100.
113,Mar 2026,Insurance,Public,Patient Education,2,2,100.
113,Feb 2026,Race/Ethnicity (Detailed),Race Not Documented,Patient Education,0,0,
113,Jan 2026,Race/Ethnicity (Detailed),Race Not Documented,Patient Education,0,0,
113,Mar 2026,Race/Ethnicity (Detailed),Race Not Documented,Patient Education,0,0,
113,Feb 2026,Race/Ethnicity,White,Patient Education,0,0,
113,Feb 2026,Race/Ethnicity (Detailed),White,Patient Education,0,0,
113,Jan 2026,Race/Ethnicity (Detailed),White,Patient Education,0,0,
113,Jan 2026,Race/Ethnicity,White,Patient Education,0,0,
113,Mar 2026,Race/Ethnicity,White,Patient Education,0,0,
113,Mar 2026,Race/Ethnicity (Detailed),White,Patient Education,0,0,
114,Feb 2026,Race/Ethnicity (Detailed),Asian,Patient Education,1,1,100.
114,Jan 2026,Race/Ethnicity (Detailed),Asian,Patient Education,0,0,
114,Mar 2026,Race/Ethnicity (Detailed),Asian,Patient Education,0,2,0.
114,Feb 2026,Race/Ethnicity (Detailed),Black/African American,Patient Education,0,3,0.
114,Jan 2026,Race/Ethnicity (Detailed),Black/African American,Patient Education,0,3,0.
114,Mar 2026,Race/Ethnicity (Detailed),Black/African American,Patient Education,0,3,0.
114,Feb 2026,Race/Ethnicity (Detailed),Hispanic/Latino,Patient Education,2,2,100.
114,Jan 2026,Race/Ethnicity (Detailed),Hispanic/Latino,Patient Education,0,3,0.
114,Mar 2026,Race/Ethnicity (Detailed),Hispanic/Latino,Patient Education,0,2,0.
114,Feb 2026,Primary Language,Other,Patient Education,0,0,
114,Feb 2026,Race/Ethnicity (Detailed),Other,Patient Education,0,0,
114,Jan 2026,Race/Ethnicity (Detailed),Other,Patient Education,0,0,
114,Jan 2026,Primary Language,Other,Patient Education,0,0,
114,Mar 2026,Primary Language,Other,Patient Education,0,3,0.
114,Mar 2026,Race/Ethnicity (Detailed),Other,Patient Education,0,0,
114,Feb 2026,Insurance,Private,Patient Education,3,4,75.
114,Jan 2026,Insurance,Private,Patient Education,0,4,0.
114,Mar 2026,Insurance,Private,Patient Education,0,4,0.
114,Feb 2026,Insurance,Public,Patient Education,2,6,33.33
114,Jan 2026,Insurance,Public,Patient Education,0,6,0.
114,Mar 2026,Insurance,Public,Patient Education,0,5,0.
114,Feb 2026,Race/Ethnicity (Detailed),Race Not Documented,Patient Education,1,1,100.
114,Jan 2026,Race/Ethnicity (Detailed),Race Not Documented,Patient Education,0,1,0.
114,Mar 2026,Race/Ethnicity (Detailed),Race Not Documented,Patient Education,0,0,
114,Feb 2026,Race/Ethnicity (Detailed),White,Patient Education,1,3,33.33
114,Feb 2026,Race/Ethnicity,White,Patient Education,3,5,60.
114,Jan 2026,Race/Ethnicity,White,Patient Education,0,6,0.
114,Jan 2026,Race/Ethnicity (Detailed),White,Patient Education,0,3,0.
114,Mar 2026,Race/Ethnicity (Detailed),White,Patient Education,0,2,0.
114,Mar 2026,Race/Ethnicity,White,Patient Education,0,4,0.
115,Feb 2026,Race/Ethnicity (Detailed),Asian,Patient Education,1,1,100.
115,Jan 2026,Race/Ethnicity (Detailed),Asian,Patient Education,2,2,100.
115,Mar 2026,Race/Ethnicity (Detailed),Asian,Patient Education,0,0,
115,Feb 2026,Race/Ethnicity (Detailed),Black/African American,Patient Education,0,0,
115,Jan 2026,Race/Ethnicity (Detailed),Black/African American,Patient Education,1,1,100.
115,Mar 2026,Race/Ethnicity (Detailed),Black/African American,Patient Education,1,1,100.
115,Feb 2026,Race/Ethnicity (Detailed),Hispanic/Latino,Patient Education,1,1,100.
115,Jan 2026,Race/Ethnicity (Detailed),Hispanic/Latino,Patient Education,2,2,100.
115,Mar 2026,Race/Ethnicity (Detailed),Hispanic/Latino,Patient Education,0,0,
115,Feb 2026,Primary Language,Other,Patient Education,1,1,100.
115,Feb 2026,Race/Ethnicity (Detailed),Other,Patient Education,0,0,
115,Jan 2026,Race/Ethnicity (Detailed),Other,Patient Education,2,2,100.
115,Jan 2026,Primary Language,Other,Patient Education,2,2,100.
115,Mar 2026,Primary Language,Other,Patient Education,0,0,
115,Mar 2026,Race/Ethnicity (Detailed),Other,Patient Education,0,0,
115,Feb 2026,Insurance,Private,Patient Education,7,7,100.
115,Jan 2026,Insurance,Private,Patient Education,5,5,100.
115,Mar 2026,Insurance,Private,Patient Education,8,8,100.
115,Feb 2026,Insurance,Public,Patient Education,3,3,100.
115,Jan 2026,Insurance,Public,Patient Education,5,5,100.
115,Mar 2026,Insurance,Public,Patient Education,2,2,100.
115,Feb 2026,Race/Ethnicity (Detailed),Race Not Documented,Patient Education,0,0,
115,Jan 2026,Race/Ethnicity (Detailed),Race Not Documented,Patient Education,0,0,
115,Mar 2026,Race/Ethnicity (Detailed),Race Not Documented,Patient Education,0,0,
115,Feb 2026,Race/Ethnicity (Detailed),White,Patient Education,8,8,100.
115,Feb 2026,Race/Ethnicity,White,Patient Education,8,8,100.
115,Jan 2026,Race/Ethnicity,White,Patient Education,4,4,100.
115,Jan 2026,Race/Ethnicity (Detailed),White,Patient Education,4,4,100.
115,Mar 2026,Race/Ethnicity (Detailed),White,Patient Education,9,9,100.
115,Mar 2026,Race/Ethnicity,White,Patient Education,9,9,100.
116,Feb 2026,Race/Ethnicity (Detailed),Asian,Patient Education,0,0,
116,Jan 2026,Race/Ethnicity (Detailed),Asian,Patient Education,0,0,
116,Mar 2026,Race/Ethnicity (Detailed),Asian,Patient Education,0,0,
116,Feb 2026,Race/Ethnicity (Detailed),Black/African American,Patient Education,0,0,
116,Jan 2026,Race/Ethnicity (Detailed),Black/African American,Patient Education,0,0,
116,Mar 2026,Race/Ethnicity (Detailed),Black/African American,Patient Education,0,0,
116,Feb 2026,Race/Ethnicity (Detailed),Hispanic/Latino,Patient Education,0,0,
116,Jan 2026,Race/Ethnicity (Detailed),Hispanic/Latino,Patient Education,0,0,
116,Mar 2026,Race/Ethnicity (Detailed),Hispanic/Latino,Patient Education,0,0,
116,Feb 2026,Race/Ethnicity (Detailed),Other,Patient Education,0,0,
116,Feb 2026,Primary Language,Other,Patient Education,0,0,
116,Jan 2026,Primary Language,Other,Patient Education,0,0,
116,Jan 2026,Race/Ethnicity (Detailed),Other,Patient Education,0,0,
116,Mar 2026,Race/Ethnicity (Detailed),Other,Patient Education,0,0,
116,Mar 2026,Primary Language,Other,Patient Education,0,0,
116,Feb 2026,Insurance,Private,Patient Education,0,0,
116,Jan 2026,Insurance,Private,Patient Education,0,0,
116,Mar 2026,Insurance,Private,Patient Education,0,0,
116,Feb 2026,Insurance,Public,Patient Education,0,0,
116,Jan 2026,Insurance,Public,Patient Education,0,0,
116,Mar 2026,Insurance,Public,Patient Education,0,0,
116,Feb 2026,Race/Ethnicity (Detailed),Race Not Documented,Patient Education,0,0,
116,Jan 2026,Race/Ethnicity (Detailed),Race Not Documented,Patient Education,0,0,
116,Mar 2026,Race/Ethnicity (Detailed),Race Not Documented,Patient Education,0,0,
116,Feb 2026,Race/Ethnicity,White,Patient Education,0,0,
116,Feb 2026,Race/Ethnicity (Detailed),White,Patient Education,0,0,
116,Jan 2026,Race/Ethnicity (Detailed),White,Patient Education,0,0,
116,Jan 2026,Race/Ethnicity,White,Patient Education,0,0,
116,Mar 2026,Race/Ethnicity,White,Patient Education,0,0,
116,Mar 2026,Race/Ethnicity (Detailed),White,Patient Education,0,0,
117,Feb 2026,Race/Ethnicity (Detailed),Asian,Patient Education,0,0,
117,Jan 2026,Race/Ethnicity (Detailed),Asian,Patient Education,0,0,
117,Mar 2026,Race/Ethnicity (Detailed),Asian,Patient Education,0,0,
117,Feb 2026,Race/Ethnicity (Detailed),Black/African American,Patient Education,0,0,
117,Jan 2026,Race/Ethnicity (Detailed),Black/African American,Patient Education,0,0,
117,Mar 2026,Race/Ethnicity (Detailed),Black/African American,Patient Education,0,0,
117,Feb 2026,Race/Ethnicity (Detailed),Hispanic/Latino,Patient Education,0,0,
117,Jan 2026,Race/Ethnicity (Detailed),Hispanic/Latino,Patient Education,0,0,
117,Mar 2026,Race/Ethnicity (Detailed),Hispanic/Latino,Patient Education,0,0,
117,Feb 2026,Race/Ethnicity (Detailed),Other,Patient Education,0,0,
117,Feb 2026,Primary Language,Other,Patient Education,0,0,
117,Jan 2026,Race/Ethnicity (Detailed),Other,Patient Education,0,0,
117,Jan 2026,Primary Language,Other,Patient Education,0,0,
117,Mar 2026,Race/Ethnicity (Detailed),Other,Patient Education,0,0,
117,Mar 2026,Primary Language,Other,Patient Education,0,0,
117,Feb 2026,Insurance,Private,Patient Education,0,0,
117,Jan 2026,Insurance,Private,Patient Education,0,0,
117,Mar 2026,Insurance,Private,Patient Education,0,0,
117,Feb 2026,Insurance,Public,Patient Education,0,0,
117,Jan 2026,Insurance,Public,Patient Education,0,0,
117,Mar 2026,Insurance,Public,Patient Education,0,0,
117,Feb 2026,Race/Ethnicity (Detailed),Race Not Documented,Patient Education,0,0,
117,Jan 2026,Race/Ethnicity (Detailed),Race Not Documented,Patient Education,0,0,
117,Mar 2026,Race/Ethnicity (Detailed),Race Not Documented,Patient Education,0,0,
117,Feb 2026,Race/Ethnicity (Detailed),White,Patient Education,0,0,
117,Feb 2026,Race/Ethnicity,White,Patient Education,0,0,
117,Jan 2026,Race/Ethnicity (Detailed),White,Patient Education,0,0,
117,Jan 2026,Race/Ethnicity,White,Patient Education,0,0,
117,Mar 2026,Race/Ethnicity (Detailed),White,Patient Education,0,0,
117,Mar 2026,Race/Ethnicity,White,Patient Education,0,0,
118,Feb 2026,Race/Ethnicity (Detailed),Asian,Patient Education,0,0,
118,Jan 2026,Race/Ethnicity (Detailed),Asian,Patient Education,0,0,
118,Mar 2026,Race/Ethnicity (Detailed),Asian,Patient Education,0,0,
118,Feb 2026,Race/Ethnicity (Detailed),Black/African American,Patient Education,0,0,
118,Jan 2026,Race/Ethnicity (Detailed),Black/African American,Patient Education,0,0,
118,Mar 2026,Race/Ethnicity (Detailed),Black/African American,Patient Education,0,0,
118,Feb 2026,Race/Ethnicity (Detailed),Hispanic/Latino,Patient Education,0,0,
118,Jan 2026,Race/Ethnicity (Detailed),Hispanic/Latino,Patient Education,0,0,
118,Mar 2026,Race/Ethnicity (Detailed),Hispanic/Latino,Patient Education,0,0,
118,Feb 2026,Primary Language,Other,Patient Education,0,0,
118,Feb 2026,Race/Ethnicity (Detailed),Other,Patient Education,0,0,
118,Jan 2026,Race/Ethnicity (Detailed),Other,Patient Education,0,0,
118,Jan 2026,Primary Language,Other,Patient Education,0,0,
118,Mar 2026,Primary Language,Other,Patient Education,0,0,
118,Mar 2026,Race/Ethnicity (Detailed),Other,Patient Education,0,0,
118,Feb 2026,Insurance,Private,Patient Education,0,0,
118,Jan 2026,Insurance,Private,Patient Education,0,0,
118,Mar 2026,Insurance,Private,Patient Education,0,0,
118,Feb 2026,Insurance,Public,Patient Education,0,0,
118,Jan 2026,Insurance,Public,Patient Education,0,0,
118,Mar 2026,Insurance,Public,Patient Education,0,0,
118,Feb 2026,Race/Ethnicity (Detailed),Race Not Documented,Patient Education,0,0,
118,Jan 2026,Race/Ethnicity (Detailed),Race Not Documented,Patient Education,0,0,
118,Mar 2026,Race/Ethnicity (Detailed),Race Not Documented,Patient Education,0,0,
118,Feb 2026,Race/Ethnicity (Detailed),White,Patient Education,0,0,
118,Feb 2026,Race/Ethnicity,White,Patient Education,0,0,
118,Jan 2026,Race/Ethnicity,White,Patient Education,0,0,
118,Jan 2026,Race/Ethnicity (Detailed),White,Patient Education,0,0,
118,Mar 2026,Race/Ethnicity (Detailed),White,Patient Education,0,0,
118,Mar 2026,Race/Ethnicity,White,Patient Education,0,0,
119,Feb 2026,Race/Ethnicity (Detailed),Asian,Patient Education,0,1,0.
119,Jan 2026,Race/Ethnicity (Detailed),Asian,Patient Education,0,2,0.
119,Mar 2026,Race/Ethnicity (Detailed),Asian,Patient Education,0,2,0.
119,Feb 2026,Race/Ethnicity (Detailed),Black/African American,Patient Education,0,0,
119,Jan 2026,Race/Ethnicity (Detailed),Black/African American,Patient Education,0,1,0.
119,Mar 2026,Race/Ethnicity (Detailed),Black/African American,Patient Education,0,1,0.
119,Feb 2026,Race/Ethnicity (Detailed),Hispanic/Latino,Patient Education,0,1,0.
119,Jan 2026,Race/Ethnicity (Detailed),Hispanic/Latino,Patient Education,0,1,0.
119,Mar 2026,Race/Ethnicity (Detailed),Hispanic/Latino,Patient Education,0,1,0.
119,Feb 2026,Primary Language,Other,Patient Education,0,1,0.
119,Feb 2026,Race/Ethnicity (Detailed),Other,Patient Education,0,0,
119,Jan 2026,Race/Ethnicity (Detailed),Other,Patient Education,0,1,0.
119,Jan 2026,Primary Language,Other,Patient Education,0,0,
119,Mar 2026,Primary Language,Other,Patient Education,0,0,
119,Mar 2026,Race/Ethnicity (Detailed),Other,Patient Education,0,1,0.
119,Feb 2026,Insurance,Private,Patient Education,0,7,0.
119,Jan 2026,Insurance,Private,Patient Education,0,7,0.
119,Mar 2026,Insurance,Private,Patient Education,0,10,0.
119,Feb 2026,Insurance,Public,Patient Education,0,3,0.
119,Jan 2026,Insurance,Public,Patient Education,0,3,0.
119,Mar 2026,Insurance,Public,Patient Education,0,0,
119,Feb 2026,Race/Ethnicity (Detailed),Race Not Documented,Patient Education,0,0,
119,Jan 2026,Race/Ethnicity (Detailed),Race Not Documented,Patient Education,0,0,
119,Mar 2026,Race/Ethnicity (Detailed),Race Not Documented,Patient Education,0,0,
119,Feb 2026,Race/Ethnicity (Detailed),White,Patient Education,0,8,0.
119,Feb 2026,Race/Ethnicity,White,Patient Education,0,8,0.
119,Jan 2026,Race/Ethnicity,White,Patient Education,0,5,0.
119,Jan 2026,Race/Ethnicity (Detailed),White,Patient Education,0,5,0.
119,Mar 2026,Race/Ethnicity (Detailed),White,Patient Education,0,5,0.
119,Mar 2026,Race/Ethnicity,White,Patient Education,0,5,0.
120,Feb 2026,Race/Ethnicity (Detailed),Asian,Patient Education,0,0,
120,Jan 2026,Race/Ethnicity (Detailed),Asian,Patient Education,0,0,
120,Mar 2026,Race/Ethnicity (Detailed),Asian,Patient Education,0,0,
120,Feb 2026,Race/Ethnicity (Detailed),Black/African American,Patient Education,0,0,
120,Jan 2026,Race/Ethnicity (Detailed),Black/African American,Patient Education,0,0,
120,Mar 2026,Race/Ethnicity (Detailed),Black/African American,Patient Education,0,0,
120,Feb 2026,Race/Ethnicity (Detailed),Hispanic/Latino,Patient Education,0,0,
120,Jan 2026,Race/Ethnicity (Detailed),Hispanic/Latino,Patient Education,0,0,
120,Mar 2026,Race/Ethnicity (Detailed),Hispanic/Latino,Patient Education,0,0,
120,Feb 2026,Race/Ethnicity (Detailed),Other,Patient Education,0,0,
120,Feb 2026,Primary Language,Other,Patient Education,0,0,
120,Jan 2026,Primary Language,Other,Patient Education,0,0,
120,Jan 2026,Race/Ethnicity (Detailed),Other,Patient Education,0,0,
120,Mar 2026,Race/Ethnicity (Detailed),Other,Patient Education,0,0,
120,Mar 2026,Primary Language,Other,Patient Education,0,0,
120,Feb 2026,Insurance,Private,Patient Education,0,0,
120,Jan 2026,Insurance,Private,Patient Education,0,0,
120,Mar 2026,Insurance,Private,Patient Education,0,0,
120,Feb 2026,Insurance,Public,Patient Education,0,0,
120,Jan 2026,Insurance,Public,Patient Education,0,0,
120,Mar 2026,Insurance,Public,Patient Education,0,0,
120,Feb 2026,Race/Ethnicity (Detailed),Race Not Documented,Patient Education,0,0,
120,Jan 2026,Race/Ethnicity (Detailed),Race Not Documented,Patient Education,0,0,
120,Mar 2026,Race/Ethnicity (Detailed),Race Not Documented,Patient Education,0,0,
120,Feb 2026,Race/Ethnicity,White,Patient Education,0,0,
120,Feb 2026,Race/Ethnicity (Detailed),White,Patient Education,0,0,
120,Jan 2026,Race/Ethnicity (Detailed),White,Patient Education,0,0,
120,Jan 2026,Race/Ethnicity,White,Patient Education,0,0,
120,Mar 2026,Race/Ethnicity,White,Patient Education,0,0,
120,Mar 2026,Race/Ethnicity (Detailed),White,Patient Education,0,0,
121,Feb 2026,Race/Ethnicity (Detailed),Asian,Patient Education,0,0,
121,Jan 2026,Race/Ethnicity (Detailed),Asian,Patient Education,0,0,
121,Mar 2026,Race/Ethnicity (Detailed),Asian,Patient Education,0,0,
121,Feb 2026,Race/Ethnicity (Detailed),Black/African American,Patient Education,1,1,100.
121,Jan 2026,Race/Ethnicity (Detailed),Black/African American,Patient Education,1,1,100.
121,Mar 2026,Race/Ethnicity (Detailed),Black/African American,Patient Education,0,0,
121,Feb 2026,Race/Ethnicity (Detailed),Hispanic/Latino,Patient Education,0,0,
121,Jan 2026,Race/Ethnicity (Detailed),Hispanic/Latino,Patient Education,0,0,
121,Mar 2026,Race/Ethnicity (Detailed),Hispanic/Latino,Patient Education,0,0,
121,Feb 2026,Race/Ethnicity (Detailed),Other,Patient Education,0,0,
121,Feb 2026,Primary Language,Other,Patient Education,0,0,
121,Jan 2026,Primary Language,Other,Patient Education,0,0,
121,Jan 2026,Race/Ethnicity (Detailed),Other,Patient Education,0,0,
121,Mar 2026,Race/Ethnicity (Detailed),Other,Patient Education,0,0,
121,Mar 2026,Primary Language,Other,Patient Education,0,0,
121,Feb 2026,Insurance,Private,Patient Education,6,6,100.
121,Jan 2026,Insurance,Private,Patient Education,5,5,100.
121,Mar 2026,Insurance,Private,Patient Education,4,4,100.
121,Feb 2026,Insurance,Public,Patient Education,4,4,100.
121,Jan 2026,Insurance,Public,Patient Education,5,5,100.
121,Mar 2026,Insurance,Public,Patient Education,6,6,100.
121,Feb 2026,Race/Ethnicity (Detailed),Race Not Documented,Patient Education,0,0,
121,Jan 2026,Race/Ethnicity (Detailed),Race Not Documented,Patient Education,0,0,
121,Mar 2026,Race/Ethnicity (Detailed),Race Not Documented,Patient Education,0,0,
121,Feb 2026,Race/Ethnicity,White,Patient Education,9,9,100.
121,Feb 2026,Race/Ethnicity (Detailed),White,Patient Education,9,9,100.
121,Jan 2026,Race/Ethnicity (Detailed),White,Patient Education,9,9,100.
121,Jan 2026,Race/Ethnicity,White,Patient Education,9,9,100.
121,Mar 2026,Race/Ethnicity,White,Patient Education,10,10,100.
121,Mar 2026,Race/Ethnicity (Detailed),White,Patient Education,0,0,
122,Feb 2026,Race/Ethnicity (Detailed),Asian,Patient Education,0,0,
122,Jan 2026,Race/Ethnicity (Detailed),Asian,Patient Education,0,0,
122,Mar 2026,Race/Ethnicity (Detailed),Asian,Patient Education,0,0,
122,Feb 2026,Race/Ethnicity (Detailed),Black/African American,Patient Education,0,1,0.
122,Jan 2026,Race/Ethnicity (Detailed),Black/African American,Patient Education,0,2,0.
122,Mar 2026,Race/Ethnicity (Detailed),Black/African American,Patient Education,3,3,100.
122,Feb 2026,Race/Ethnicity (Detailed),Hispanic/Latino,Patient Education,1,1,100.
122,Jan 2026,Race/Ethnicity (Detailed),Hispanic/Latino,Patient Education,0,0,
122,Mar 2026,Race/Ethnicity (Detailed),Hispanic/Latino,Patient Education,1,1,100.
122,Feb 2026,Primary Language,Other,Patient Education,0,0,
122,Feb 2026,Race/Ethnicity (Detailed),Other,Patient Education,0,0,
122,Jan 2026,Race/Ethnicity (Detailed),Other,Patient Education,0,0,
122,Jan 2026,Primary Language,Other,Patient Education,0,0,
122,Mar 2026,Primary Language,Other,Patient Education,0,0,
122,Mar 2026,Race/Ethnicity (Detailed),Other,Patient Education,0,0,
122,Feb 2026,Insurance,Private,Patient Education,3,7,42.86
122,Jan 2026,Insurance,Private,Patient Education,0,6,0.
122,Mar 2026,Insurance,Private,Patient Education,6,6,100.
122,Feb 2026,Insurance,Public,Patient Education,1,3,33.33
122,Jan 2026,Insurance,Public,Patient Education,0,4,0.
122,Mar 2026,Insurance,Public,Patient Education,4,4,100.
122,Feb 2026,Race/Ethnicity (Detailed),Race Not Documented,Patient Education,0,0,
122,Jan 2026,Race/Ethnicity (Detailed),Race Not Documented,Patient Education,0,0,
122,Mar 2026,Race/Ethnicity (Detailed),Race Not Documented,Patient Education,0,0,
122,Feb 2026,Race/Ethnicity (Detailed),White,Patient Education,3,8,37.5
122,Feb 2026,Race/Ethnicity,White,Patient Education,4,9,44.44
122,Jan 2026,Race/Ethnicity,White,Patient Education,0,8,0.
122,Jan 2026,Race/Ethnicity (Detailed),White,Patient Education,0,8,0.
122,Mar 2026,Race/Ethnicity (Detailed),White,Patient Education,6,6,100.
122,Mar 2026,Race/Ethnicity,White,Patient Education,6,6,100.
123,Feb 2026,Race/Ethnicity (Detailed),Asian,Patient Education,0,0,
123,Jan 2026,Race/Ethnicity (Detailed),Asian,Patient Education,0,0,
123,Mar 2026,Race/Ethnicity (Detailed),Asian,Patient Education,0,0,
123,Feb 2026,Race/Ethnicity (Detailed),Black/African American,Patient Education,7,7,100.
123,Jan 2026,Race/Ethnicity (Detailed),Black/African American,Patient Education,6,6,100.
123,Mar 2026,Race/Ethnicity (Detailed),Black/African American,Patient Education,4,4,100.
123,Feb 2026,Race/Ethnicity (Detailed),Hispanic/Latino,Patient Education,2,2,100.
123,Jan 2026,Race/Ethnicity (Detailed),Hispanic/Latino,Patient Education,1,1,100.
123,Mar 2026,Race/Ethnicity (Detailed),Hispanic/Latino,Patient Education,0,0,
123,Feb 2026,Primary Language,Other,Patient Education,1,1,100.
123,Feb 2026,Race/Ethnicity (Detailed),Other,Patient Education,0,0,
123,Jan 2026,Race/Ethnicity (Detailed),Other,Patient Education,2,2,100.
123,Jan 2026,Primary Language,Other,Patient Education,0,0,
123,Mar 2026,Primary Language,Other,Patient Education,0,0,
123,Mar 2026,Race/Ethnicity (Detailed),Other,Patient Education,1,1,100.
123,Feb 2026,Insurance,Private,Patient Education,4,4,100.
123,Jan 2026,Insurance,Private,Patient Education,3,3,100.
123,Mar 2026,Insurance,Private,Patient Education,6,6,100.
123,Feb 2026,Insurance,Public,Patient Education,6,6,100.
123,Jan 2026,Insurance,Public,Patient Education,7,7,100.
123,Mar 2026,Insurance,Public,Patient Education,4,4,100.
123,Feb 2026,Race/Ethnicity (Detailed),Race Not Documented,Patient Education,0,0,
123,Jan 2026,Race/Ethnicity (Detailed),Race Not Documented,Patient Education,0,0,
123,Mar 2026,Race/Ethnicity (Detailed),Race Not Documented,Patient Education,0,0,
123,Feb 2026,Race/Ethnicity (Detailed),White,Patient Education,1,1,100.
123,Feb 2026,Race/Ethnicity,White,Patient Education,1,1,100.
123,Jan 2026,Race/Ethnicity,White,Patient Education,1,1,100.
123,Jan 2026,Race/Ethnicity (Detailed),White,Patient Education,1,1,100.
123,Mar 2026,Race/Ethnicity (Detailed),White,Patient Education,5,5,100.
123,Mar 2026,Race/Ethnicity,White,Patient Education,5,5,100.
124,Feb 2026,Race/Ethnicity (Detailed),Asian,Patient Education,1,1,100.
124,Jan 2026,Race/Ethnicity (Detailed),Asian,Patient Education,0,0,
124,Mar 2026,Race/Ethnicity (Detailed),Asian,Patient Education,0,0,
124,Feb 2026,Race/Ethnicity (Detailed),Black/African American,Patient Education,2,2,100.
124,Jan 2026,Race/Ethnicity (Detailed),Black/African American,Patient Education,3,3,100.
124,Mar 2026,Race/Ethnicity (Detailed),Black/African American,Patient Education,3,3,100.
124,Feb 2026,Race/Ethnicity (Detailed),Hispanic/Latino,Patient Education,1,1,100.
124,Jan 2026,Race/Ethnicity (Detailed),Hispanic/Latino,Patient Education,2,2,100.
124,Mar 2026,Race/Ethnicity (Detailed),Hispanic/Latino,Patient Education,0,0,
124,Feb 2026,Race/Ethnicity (Detailed),Other,Patient Education,0,0,
124,Feb 2026,Primary Language,Other,Patient Education,1,1,100.
124,Jan 2026,Primary Language,Other,Patient Education,2,2,100.
124,Jan 2026,Race/Ethnicity (Detailed),Other,Patient Education,1,1,100.
124,Mar 2026,Race/Ethnicity (Detailed),Other,Patient Education,0,0,
124,Mar 2026,Primary Language,Other,Patient Education,0,0,
124,Feb 2026,Insurance,Private,Patient Education,4,4,100.
124,Jan 2026,Insurance,Private,Patient Education,10,10,100.
124,Mar 2026,Insurance,Private,Patient Education,4,4,100.
124,Feb 2026,Insurance,Public,Patient Education,6,6,100.
124,Jan 2026,Insurance,Public,Patient Education,11,11,100.
124,Mar 2026,Insurance,Public,Patient Education,6,6,100.
124,Feb 2026,Race/Ethnicity (Detailed),Race Not Documented,Patient Education,0,0,
124,Jan 2026,Race/Ethnicity (Detailed),Race Not Documented,Patient Education,0,0,
124,Mar 2026,Race/Ethnicity (Detailed),Race Not Documented,Patient Education,0,0,
124,Feb 2026,Race/Ethnicity,White,Patient Education,6,6,100.
124,Feb 2026,Race/Ethnicity (Detailed),White,Patient Education,6,6,100.
124,Jan 2026,Race/Ethnicity (Detailed),White,Patient Education,14,14,100.
124,Jan 2026,Race/Ethnicity,White,Patient Education,14,14,100.
124,Mar 2026,Race/Ethnicity,White,Patient Education,7,7,100.
124,Mar 2026,Race/Ethnicity (Detailed),White,Patient Education,7,7,100.
125,Feb 2026,Race/Ethnicity (Detailed),Asian,Patient Education,0,0,
125,Jan 2026,Race/Ethnicity (Detailed),Asian,Patient Education,0,0,
125,Mar 2026,Race/Ethnicity (Detailed),Asian,Patient Education,0,0,
125,Feb 2026,Race/Ethnicity (Detailed),Black/African American,Patient Education,0,0,
125,Jan 2026,Race/Ethnicity (Detailed),Black/African American,Patient Education,0,0,
125,Mar 2026,Race/Ethnicity (Detailed),Black/African American,Patient Education,0,0,
125,Feb 2026,Race/Ethnicity (Detailed),Hispanic/Latino,Patient Education,0,0,
125,Jan 2026,Race/Ethnicity (Detailed),Hispanic/Latino,Patient Education,0,0,
125,Mar 2026,Race/Ethnicity (Detailed),Hispanic/Latino,Patient Education,0,0,
125,Feb 2026,Primary Language,Other,Patient Education,0,0,
125,Feb 2026,Race/Ethnicity (Detailed),Other,Patient Education,0,0,
125,Jan 2026,Primary Language,Other,Patient Education,0,0,
125,Jan 2026,Race/Ethnicity (Detailed),Other,Patient Education,0,0,
125,Mar 2026,Primary Language,Other,Patient Education,0,0,
125,Mar 2026,Race/Ethnicity (Detailed),Other,Patient Education,0,0,
125,Feb 2026,Insurance,Private,Patient Education,0,0,
125,Jan 2026,Insurance,Private,Patient Education,0,0,
125,Mar 2026,Insurance,Private,Patient Education,0,0,
125,Feb 2026,Insurance,Public,Patient Education,0,0,
125,Jan 2026,Insurance,Public,Patient Education,0,0,
125,Mar 2026,Insurance,Public,Patient Education,0,0,
125,Feb 2026,Race/Ethnicity (Detailed),Race Not Documented,Patient Education,0,0,
125,Jan 2026,Race/Ethnicity (Detailed),Race Not Documented,Patient Education,0,0,
125,Mar 2026,Race/Ethnicity (Detailed),Race Not Documented,Patient Education,0,0,
125,Feb 2026,Race/Ethnicity,White,Patient Education,0,0,
125,Feb 2026,Race/Ethnicity (Detailed),White,Patient Education,0,0,
125,Jan 2026,Race/Ethnicity,White,Patient Education,0,0,
125,Jan 2026,Race/Ethnicity (Detailed),White,Patient Education,0,0,
125,Mar 2026,Race/Ethnicity,White,Patient Education,0,0,
125,Mar 2026,Race/Ethnicity (Detailed),White,Patient Education,0,0,
126,Feb 2026,Race/Ethnicity (Detailed),Asian,Patient Education,0,0,
126,Jan 2026,Race/Ethnicity (Detailed),Asian,Patient Education,0,0,
126,Mar 2026,Race/Ethnicity (Detailed),Asian,Patient Education,0,0,
126,Feb 2026,Race/Ethnicity (Detailed),Black/African American,Patient Education,0,0,
126,Jan 2026,Race/Ethnicity (Detailed),Black/African American,Patient Education,0,0,
126,Mar 2026,Race/Ethnicity (Detailed),Black/African American,Patient Education,1,1,100.
126,Feb 2026,Race/Ethnicity (Detailed),Hispanic/Latino,Patient Education,0,0,
126,Jan 2026,Race/Ethnicity (Detailed),Hispanic/Latino,Patient Education,0,0,
126,Mar 2026,Race/Ethnicity (Detailed),Hispanic/Latino,Patient Education,0,0,
126,Feb 2026,Race/Ethnicity (Detailed),Other,Patient Education,1,1,100.
126,Feb 2026,Primary Language,Other,Patient Education,0,0,
126,Jan 2026,Primary Language,Other,Patient Education,0,0,
126,Jan 2026,Race/Ethnicity (Detailed),Other,Patient Education,0,4,0.
126,Mar 2026,Race/Ethnicity (Detailed),Other,Patient Education,0,0,
126,Mar 2026,Primary Language,Other,Patient Education,0,0,
126,Feb 2026,Insurance,Private,Patient Education,9,10,90.
126,Jan 2026,Insurance,Private,Patient Education,1,7,14.29
126,Mar 2026,Insurance,Private,Patient Education,0,8,0.
126,Feb 2026,Insurance,Public,Patient Education,0,0,
126,Jan 2026,Insurance,Public,Patient Education,1,3,33.33
126,Mar 2026,Insurance,Public,Patient Education,1,2,50.
126,Feb 2026,Race/Ethnicity (Detailed),Race Not Documented,Patient Education,0,0,
126,Jan 2026,Race/Ethnicity (Detailed),Race Not Documented,Patient Education,0,0,
126,Mar 2026,Race/Ethnicity (Detailed),Race Not Documented,Patient Education,0,0,
126,Feb 2026,Race/Ethnicity,White,Patient Education,8,9,88.89
126,Feb 2026,Race/Ethnicity (Detailed),White,Patient Education,8,9,88.89
126,Jan 2026,Race/Ethnicity (Detailed),White,Patient Education,2,6,33.33
126,Jan 2026,Race/Ethnicity,White,Patient Education,2,6,33.33
126,Mar 2026,Race/Ethnicity,White,Patient Education,0,9,0.
126,Mar 2026,Race/Ethnicity (Detailed),White,Patient Education,0,9,0.
127,Feb 2026,Race/Ethnicity (Detailed),Asian,Patient Education,0,0,
127,Jan 2026,Race/Ethnicity (Detailed),Asian,Patient Education,0,0,
127,Mar 2026,Race/Ethnicity (Detailed),Asian,Patient Education,0,0,
127,Feb 2026,Race/Ethnicity (Detailed),Black/African American,Patient Education,0,0,
127,Jan 2026,Race/Ethnicity (Detailed),Black/African American,Patient Education,0,0,
127,Mar 2026,Race/Ethnicity (Detailed),Black/African American,Patient Education,0,0,
127,Feb 2026,Race/Ethnicity (Detailed),Hispanic/Latino,Patient Education,0,0,
127,Jan 2026,Race/Ethnicity (Detailed),Hispanic/Latino,Patient Education,0,0,
127,Mar 2026,Race/Ethnicity (Detailed),Hispanic/Latino,Patient Education,0,0,
127,Feb 2026,Primary Language,Other,Patient Education,0,0,
127,Feb 2026,Race/Ethnicity (Detailed),Other,Patient Education,0,0,
127,Jan 2026,Race/Ethnicity (Detailed),Other,Patient Education,0,0,
127,Jan 2026,Primary Language,Other,Patient Education,0,0,
127,Mar 2026,Primary Language,Other,Patient Education,0,0,
127,Mar 2026,Race/Ethnicity (Detailed),Other,Patient Education,0,0,
127,Feb 2026,Insurance,Private,Patient Education,0,0,
127,Jan 2026,Insurance,Private,Patient Education,0,0,
127,Mar 2026,Insurance,Private,Patient Education,0,0,
127,Feb 2026,Insurance,Public,Patient Education,0,0,
127,Jan 2026,Insurance,Public,Patient Education,0,0,
127,Mar 2026,Insurance,Public,Patient Education,0,0,
127,Feb 2026,Race/Ethnicity (Detailed),Race Not Documented,Patient Education,0,0,
127,Jan 2026,Race/Ethnicity (Detailed),Race Not Documented,Patient Education,0,0,
127,Mar 2026,Race/Ethnicity (Detailed),Race Not Documented,Patient Education,0,0,
127,Feb 2026,Race/Ethnicity (Detailed),White,Patient Education,0,0,
127,Feb 2026,Race/Ethnicity,White,Patient Education,0,0,
127,Jan 2026,Race/Ethnicity,White,Patient Education,0,0,
127,Jan 2026,Race/Ethnicity (Detailed),White,Patient Education,0,0,
127,Mar 2026,Race/Ethnicity (Detailed),White,Patient Education,0,0,
127,Mar 2026,Race/Ethnicity,White,Patient Education,0,0,
128,Feb 2026,Race/Ethnicity (Detailed),Asian,Patient Education,0,0,
128,Jan 2026,Race/Ethnicity (Detailed),Asian,Patient Education,0,0,
128,Mar 2026,Race/Ethnicity (Detailed),Asian,Patient Education,0,0,
128,Feb 2026,Race/Ethnicity (Detailed),Black/African American,Patient Education,0,0,
128,Jan 2026,Race/Ethnicity (Detailed),Black/African American,Patient Education,0,0,
128,Mar 2026,Race/Ethnicity (Detailed),Black/African American,Patient Education,0,0,
128,Feb 2026,Race/Ethnicity (Detailed),Hispanic/Latino,Patient Education,0,0,
128,Jan 2026,Race/Ethnicity (Detailed),Hispanic/Latino,Patient Education,0,0,
128,Mar 2026,Race/Ethnicity (Detailed),Hispanic/Latino,Patient Education,0,0,
128,Feb 2026,Race/Ethnicity (Detailed),Other,Patient Education,0,0,
128,Feb 2026,Primary Language,Other,Patient Education,0,0,
128,Jan 2026,Primary Language,Other,Patient Education,0,0,
128,Jan 2026,Race/Ethnicity (Detailed),Other,Patient Education,0,0,
128,Mar 2026,Race/Ethnicity (Detailed),Other,Patient Education,0,0,
128,Mar 2026,Primary Language,Other,Patient Education,0,0,
128,Feb 2026,Insurance,Private,Patient Education,0,0,
128,Jan 2026,Insurance,Private,Patient Education,0,0,
128,Mar 2026,Insurance,Private,Patient Education,0,0,
128,Feb 2026,Insurance,Public,Patient Education,0,0,
128,Jan 2026,Insurance,Public,Patient Education,0,0,
128,Mar 2026,Insurance,Public,Patient Education,0,0,
128,Feb 2026,Race/Ethnicity (Detailed),Race Not Documented,Patient Education,0,0,
128,Jan 2026,Race/Ethnicity (Detailed),Race Not Documented,Patient Education,0,0,
128,Mar 2026,Race/Ethnicity (Detailed),Race Not Documented,Patient Education,0,0,
128,Feb 2026,Race/Ethnicity,White,Patient Education,0,0,
128,Feb 2026,Race/Ethnicity (Detailed),White,Patient Education,0,0,
128,Jan 2026,Race/Ethnicity (Detailed),White,Patient Education,0,0,
128,Jan 2026,Race/Ethnicity,White,Patient Education,0,0,
128,Mar 2026,Race/Ethnicity,White,Patient Education,0,0,
128,Mar 2026,Race/Ethnicity (Detailed),White,Patient Education,0,0,
131,Feb 2026,Race/Ethnicity (Detailed),Asian,Patient Education,0,0,
131,Jan 2026,Race/Ethnicity (Detailed),Asian,Patient Education,0,0,
131,Mar 2026,Race/Ethnicity (Detailed),Asian,Patient Education,0,0,
131,Feb 2026,Race/Ethnicity (Detailed),Black/African American,Patient Education,0,0,
131,Jan 2026,Race/Ethnicity (Detailed),Black/African American,Patient Education,0,0,
131,Mar 2026,Race/Ethnicity (Detailed),Black/African American,Patient Education,0,0,
131,Feb 2026,Race/Ethnicity (Detailed),Hispanic/Latino,Patient Education,0,0,
131,Jan 2026,Race/Ethnicity (Detailed),Hispanic/Latino,Patient Education,0,0,
131,Mar 2026,Race/Ethnicity (Detailed),Hispanic/Latino,Patient Education,0,0,
131,Feb 2026,Race/Ethnicity (Detailed),Other,Patient Education,0,0,
131,Feb 2026,Primary Language,Other,Patient Education,0,0,
131,Jan 2026,Race/Ethnicity (Detailed),Other,Patient Education,0,0,
131,Jan 2026,Primary Language,Other,Patient Education,0,0,
131,Mar 2026,Race/Ethnicity (Detailed),Other,Patient Education,0,0,
131,Mar 2026,Primary Language,Other,Patient Education,0,0,
131,Feb 2026,Insurance,Private,Patient Education,0,0,
131,Jan 2026,Insurance,Private,Patient Education,0,0,
131,Mar 2026,Insurance,Private,Patient Education,0,0,
131,Feb 2026,Insurance,Public,Patient Education,0,0,
131,Jan 2026,Insurance,Public,Patient Education,0,0,
131,Mar 2026,Insurance,Public,Patient Education,0,0,
131,Feb 2026,Race/Ethnicity (Detailed),Race Not Documented,Patient Education,0,0,
131,Jan 2026,Race/Ethnicity (Detailed),Race Not Documented,Patient Education,0,0,
131,Mar 2026,Race/Ethnicity (Detailed),Race Not Documented,Patient Education,0,0,
131,Feb 2026,Race/Ethnicity (Detailed),White,Patient Education,0,0,
131,Feb 2026,Race/Ethnicity,White,Patient Education,0,0,
131,Jan 2026,Race/Ethnicity (Detailed),White,Patient Education,0,0,
131,Jan 2026,Race/Ethnicity,White,Patient Education,0,0,
131,Mar 2026,Race/Ethnicity (Detailed),White,Patient Education,0,0,
131,Mar 2026,Race/Ethnicity,White,Patient Education,0,0,
999,Feb 2026,Race/Ethnicity (Detailed),Asian,Patient Education,25,33,75.76
999,Jan 2026,Race/Ethnicity (Detailed),Asian,Patient Education,25,39,64.1
999,Mar 2026,Race/Ethnicity (Detailed),Asian,Patient Education,23,32,71.88
999,Feb 2026,Race/Ethnicity (Detailed),Black/African American,Patient Education,92,110,83.64
999,Jan 2026,Race/Ethnicity (Detailed),Black/African American,Patient Education,103,130,79.23
999,Mar 2026,Race/Ethnicity (Detailed),Black/African American,Patient Education,99,118,83.9
999,Feb 2026,Race/Ethnicity (Detailed),Hispanic/Latino,Patient Education,99,118,83.9
999,Jan 2026,Race/Ethnicity (Detailed),Hispanic/Latino,Patient Education,87,124,70.16
999,Mar 2026,Race/Ethnicity (Detailed),Hispanic/Latino,Patient Education,82,113,72.57
999,Feb 2026,Race/Ethnicity (Detailed),Other,Patient Education,31,37,83.78
999,Feb 2026,Primary Language,Other,Patient Education,46,59,77.97
999,Jan 2026,Primary Language,Other,Patient Education,41,56,73.21
999,Jan 2026,Race/Ethnicity (Detailed),Other,Patient Education,28,51,54.9
999,Mar 2026,Race/Ethnicity (Detailed),Other,Patient Education,25,28,89.29
999,Mar 2026,Primary Language,Other,Patient Education,50,60,83.33
999,Feb 2026,Insurance,Private,Patient Education,272,360,75.56
999,Jan 2026,Insurance,Private,Patient Education,248,350,70.86
999,Mar 2026,Insurance,Private,Patient Education,284,378,75.13
999,Feb 2026,Insurance,Public,Patient Education,236,300,78.67
999,Jan 2026,Insurance,Public,Patient Education,227,318,71.38
999,Mar 2026,Insurance,Public,Patient Education,245,287,85.37
999,Feb 2026,Race/Ethnicity (Detailed),Race Not Documented,Patient Education,2,4,50.
999,Jan 2026,Race/Ethnicity (Detailed),Race Not Documented,Patient Education,2,4,50.
999,Mar 2026,Race/Ethnicity (Detailed),Race Not Documented,Patient Education,2,2,100.
999,Feb 2026,Race/Ethnicity,White,Patient Education,308,414,74.4
999,Feb 2026,Race/Ethnicity (Detailed),White,Patient Education,272,372,73.12
999,Jan 2026,Race/Ethnicity (Detailed),White,Patient Education,221,315,70.16
999,Jan 2026,Race/Ethnicity,White,Patient Education,285,397,71.79
999,Mar 2026,Race/Ethnicity,White,Patient Education,329,415,79.28
999,Mar 2026,Race/Ethnicity (Detailed),White,Patient Education,245,314,78.03
